good.names,Synonyms,SpeciesFungorum.ID,Family,Order,dim1.min2,dim1.min,dim1.max,dim1.max2,dim2.min2,dim2.min,dim2.max,dim2.max2,shape,SporeArea,Spore_formation,Spore_placement,Sporocarp,Sporocarp_placement,Sporocarp_development,Sporocarp_Perididum,carp_dim1.min2,carp_dim1.min,carp_dim1.max,carp_dim1.max2,carp_dim2.min2,carp_dim2.min,carp_dim2.max,carp_dim2.max2,Authorities,Comments,Basionyms_Synonyms_Comments,EquatorialAxis,PolarAxis,SporeVolume
Acaulospora_alpina,NA,501327,Acaulosporaceae,Diversisporales,53,65,85,97,53,65,85,97,globose to subglobose,4417.864669,singly,soil,FALSE,,,,NA,NA,NA,NA,NA,NA,NA,NA,"Oehl, Sýkorová & Sieverd. (2006)",NA,Molecular and morphological evidence based on field material.,75,75,220893.2335
Acaulospora_baetica,NA,none yet,Acaulosporaceae,Diversisporales,NA,69,96,NA,NA,65,92,NA,globose to subglobose,5086.434856,singly,NA,FALSE,NA,NA,NA,NA,NA,NA,NA,NA,NA,NA,NA,"Palenz., Oehl, Azcón-Aguilar & G.A. Silva (2015)",NA,species not (yet?)  included in Index Fungorum / Species Fungorum databases,78.5,82.5,266190.0908
Acaulospora_bireticulata,NA,,,,150,150,155,155,150,150,155,155,globose,18265.41604,singly,soil,FALSE,,,,NA,NA,NA,NA,NA,NA,NA,NA,F.M. Rothwell & Trappe (1979),NA,"Probably a heterotypic synonym of A. elegans, which appears like A. bireticulata when using Nomarski differential interference microscopy.",152.5,152.5,1856983.964
Acaulospora_brasiliensis,Ambispora_brasiliensis,518748,Acaulosporaceae,Diversisporales,62,62,95,95,62,62,95,95,globose to subglobose to ovoid,4839.819832,singly,soil,FALSE,,,,NA,NA,NA,NA,NA,NA,NA,NA,"(B.T. Goto, L.C. Maia & Oehl) C. Walker, M. Krüger & A. Schüßler (2011)",NA,"Basionym: Ambispora brasiliensis B.T. Goto, L.C. Maia & Oehl (2008)",78.5,78.5,253283.9046
Acaulospora_capsicula,NA,,,,170,298,298,330,170,298,298,330,globose to subglobose to irregular,69746.4985,singly,soil,FALSE,,,,NA,NA,NA,NA,NA,NA,NA,NA,B?aszk. (1990),NA,"Many similarities with A. laevis, but described as having a reaction to Melzer’s reagent.",298,298,13856304.37
Acaulospora_cavernata,NA,,Acaulosporaceae,Diversisporales,11,140,140,170,11,140,140,170,globose to subglobose,15393.804,singly,soil,FALSE,,,,NA,NA,NA,NA,NA,NA,NA,NA,B?aszk. (1989),NA,"A culture, at first considered to be Acaulospora scrobiculata, was established from 5 spores from the UK, and registered as BEG33. All spores appeared to have ornamentation similar to A. scrobiculata but the spores produced now are predominantly similar to the type of A. cavernata. Because the type material of A. cavernata is not suitable for molecular study BEG33 was designated as an epitype for the species.",140,140,1436755.04
Acaulospora_colliculosa,NA,,Acaulosporaceae,Diversisporales,75,84.25,84.72,99.6,75,84.25,84.72,99.6,globose to subglobose,5605.948429,singly,soil,FALSE,,,,NA,NA,NA,NA,NA,NA,NA,NA,"Kaonongbua, J.B. Morton & Bever (2010)",NA,Molecular analysis based on authenticated specimens taken from the field. Closely related and also similar in spore morphology to A. brasiliensis.,84.485,84.485,315745.702
Acaulospora_colombiana,Entrophospora_colombiana Kuklospora_colombiana,515730,Acaulosporaceae,Diversisporales,75,100,115,135,75,100,115,135,globose,9076.257526,singly,soil_root,FALSE,,,,NA,NA,NA,NA,NA,NA,NA,NA,"(Spain & N.C. Schenck) Kaonongbua, J.B. Morton & Bever (2010)",NA,Basionym: Entrophospora colombiana Spain & N.C. Schenck (1984) Synonyms: Kuklospora colombiana Oehl & Sieverd. (2006),107.5,107.5,650465.1227
Acaulospora_colombiana,Entrophospora_colombiana Kuklospora_colombiana,515730,Acaulosporaceae,Diversisporales,75,100,115,135,75,100,115,135,globose,9076.257526,singly,soil_root,FALSE,,,,NA,NA,NA,NA,NA,NA,NA,NA,"(Spain & N.C. Schenck) Kaonongbua, J.B. Morton & Bever (2010)",NA,Basionym: Entrophospora colombiana Spain & N.C. Schenck (1984) Synonyms: Kuklospora colombiana Oehl & Sieverd. (2006),107.5,107.5,650465.1227
Acaulospora_colossica,NA,,,,180,279,279,380,180,279,279,380,globose to subglobose,61136.17844,singly,soil,FALSE,,,,NA,NA,NA,NA,NA,NA,NA,NA,"P.A. Schultz, Bever & J.B. Morton (1999)",NA,"Similar to A. laevis, described as lacking a reaction to Melzer’s reagent.",279,279,11371329.19
Acaulospora_delicata,NA,,Acaulosporaceae,Diversisporales,80,80,125,150,80,80,110,140,globose to subglobose,7647.814616,singly,soil,FALSE,,,,NA,NA,NA,NA,NA,NA,NA,NA,"C. Walker, C.M. Pfeiff. & Bloss (1986)",NA,,95,102.5,484361.5924
Acaulospora_denticulata,NA,,,,120,149.3,149.3,180,120,149.3,149.3,180,globose to subglobose,17506.90991,singly,soil,FALSE,,,,NA,NA,NA,NA,NA,NA,NA,NA,Sieverd. & S. Toro (1987),NA,,149.3,149.3,1742521.099
Acaulospora_dilatata,NA,,Acaulosporaceae,Diversisporales,78,106,106,130,78,106,106,130,globose to subglobose,8824.733764,singly,soil,FALSE,,,,NA,NA,NA,NA,NA,NA,NA,NA,J.B. Morton (1986),NA,,106,106,623614.5193
Acaulospora_elegans,NA,,,,140,140,285,285,140,140,285,285,globose to subglobose,35465.63582,singly,soil,FALSE,,,,NA,NA,NA,NA,NA,NA,NA,NA,Trappe & Gerd. (1974),NA,Compare with A. bireticulata  ,212.5,212.5,5024298.407
Acaulospora_entreriana,NA,,Acaulosporaceae,Diversisporales,280,280,300,300,280,280,300,300,globose to subglobose,66051.98554,singly,soil,FALSE,,,,NA,NA,NA,NA,NA,NA,NA,NA,M.S. Velázquez & Cabello (2008),NA,,290,290,12770050.54
Acaulospora_excavata,NA,,,,115,115,200,200,100,100,165,165,globose to subglobose,16390.27792,singly,soil,FALSE,,,,NA,NA,NA,NA,NA,NA,NA,NA,Ingleby & C. Walker (1994),NA,"The ornamentation is of large deep cavities, leading to the suspicion that it belongs with such organisms as A. scrobiculata.",132.5,157.5,1447807.883
Acaulospora_foveata,NA,,Acaulosporaceae,Diversisporales,185,185,310,410,215,215,350,480,globose to ellipsoid,54914.05784,singly,soil,FALSE,,,,NA,NA,NA,NA,NA,NA,NA,NA,Trappe & Janos (1982),NA,"Molecular evidence from two INVAM cultures, CR315 and CR401A. The species description does not illustrate the full amount of variation in the spore ornamentation of the type material. The ornamentation illustrated for culture BR861 on the INVAM website is not entirely consistent with that of the type material for the species. It seems likely that ornamentation is somewhat variable.",247.5,282.5,9060819.543
Acaulospora_gedanensis,NA,,,,55,65,65,75,55,65,65,75,globose to subglobose,3318.30724,singly,soil,FALSE,,,,NA,NA,NA,NA,NA,NA,NA,NA,B?aszk. (1988),NA,,65,65,143793.3137
Acaulospora_ignota,NA,,Acaulosporaceae,Diversisporales,65,72,72,80,65,72,72,80,globose to subglobose,4071.504079,singly,soil,FALSE,NA,NA,NA,NA,NA,NA,NA,NA,NA,NA,NA,"B?aszk., Góralska, Chwat&Goto (2015)",NA,,72,72,195432.1958
Acaulospora_kentinensis,Entrophospora_kentinensis Kuklospora_kentinensis,515731,Acaulosporaceae,Diversisporales,85,85,140,140,95,95,210,210,globose to subglobose to ellipsoid,13474.48724,singly,soil_root,FALSE,,,,NA,NA,NA,NA,NA,NA,NA,NA,"(C.G. Wu & Y.S. Liu) Kaonongbua, J.B. Morton & Bever (2010)",NA,Basionym: Entrophospora kentinensis C.G. Wu & Y.S. Liu (1995) Synonyms: Kuklospora kentinensis Oehl & Sieverd. (2006),112.5,152.5,1010586.543
Acaulospora_koskei,NA,,Acaulosporaceae,Diversisporales,80,183,183,340,80,183,183,340,globose to subglobose,26302.19909,singly,soil,FALSE,,,,NA,NA,NA,NA,NA,NA,NA,NA,B?aszk. (1995),NA,,183,183,3208868.289
Acaulospora_lacunosa,NA,,Acaulosporaceae,Diversisporales,98,131,131,186,98,131,131,186,globose to subglobose,13478.21788,singly,soil,FALSE,,,,NA,NA,NA,NA,NA,NA,NA,NA,J.B. Morton (1986),NA,,131,131,1177097.695
Acaulospora_laevis,NA,,Acaulosporaceae,Diversisporales,119,119,300,300,119,119,520,520,globose to subglobose,52570.82242,singly,soil,FALSE,,,,NA,NA,NA,NA,NA,NA,NA,NA,Gerd. & Trappe (1974),NA,,209.5,319.5,7342391.531
Acaulospora_longula,NA,,Acaulosporaceae,Diversisporales,55,75,90,100,55,75,90,100,globose to subglobose,5345.61625,singly,soil,FALSE,,,,NA,NA,NA,NA,NA,NA,NA,NA,Spain & N.C. Schenck (1984),NA,,82.5,82.5,294008.8937
Acaulospora_mellea,NA,,Acaulosporaceae,Diversisporales,72,95,105,126,72,95,105,126,globose to subglobose,7853.981634,singly,soil,FALSE,,,,NA,NA,NA,NA,NA,NA,NA,NA,Spain & N.C. Schenck (1984),NA,,100,100,523598.7756
Acaulospora_minuta,NA,561834,Acaulosporaceae,Diversisporales,150,175,230,NA,150,175,230,NA,globose to subglobose,32206.23344,singly,soil,FALSE,NA,NA,NA,NA,NA,NA,NA,NA,NA,NA,NA,"Oehl, Tchabi, Hountondji, Palenz., I.C. Sánchez & G.A. Silva (2011)",NA,,202.5,202.5,4347841.514
Acaulospora_morrowiae,NA,105904,Acaulosporaceae,Diversisporales,63,79,92,120,63,79,92,120,globose to subglobose,5741.456924,singly,soil,FALSE,,,,NA,NA,NA,NA,NA,NA,NA,NA,Spain & N.C. Schenck (1984) [as 'morrowae'],NA,,85.5,85.5,327263.0447
Acaulospora_myriocarpa,NA,,,,22,32,90,90,22,32,90,90,globose to subglobose,2922.466566,singly_sporocarp,soil_root_sporocarp_emptySpores_insectCarapaces_seedTesta,TRUE,soil,NA,FALSE,725,725,725,1050,525,525,525,906,"Spain, Sieverd. & N.C. Schenck (1986)",NA,,61,61,118846.9737
Acaulospora_nicolsonii,NA,,,,99,99,198,198,99,99,198,198,globose to subglobose,17319.79665,singly,soil,FALSE,,,,NA,NA,NA,NA,NA,NA,NA,NA,"C. Walker, L.E. Reed & F.E. Sanders (1984)",NA,"Probably belongs in Ambispora, but must remain in Acaulospora pending molecular or other evidence.",148.5,148.5,1714659.868
Acaulospora_nivalis,NA,563493,Acaulosporaceae,Diversisporales,75,80,88,97,75,80,88,97,globose to subglobose,5541.769441,singly,soil,FALSE,NA,NA,NA,NA,NA,NA,NA,NA,NA,NA,NA,"Oehl, Palenz., I.C. Sánchez, G.A. Silva & Sieverd. (2012)",NA,,84,84,310339.0887
Acaulospora_paulinae,NA,,Acaulosporaceae,Diversisporales,60,72,72,95,60,72,72,95,globose to subglobose,4071.504079,singly,soil,FALSE,,,,NA,NA,NA,NA,NA,NA,NA,NA,B?aszk. (1988),NA,"Compare with A. undulata. Species descriptions of A. undulata and A. paulinae are very similar. One of the differences that was considered important in separating the species was that A. undulata did not react in Melzer’s reagent. However, this reaction in members of Acaulospora varies with condition of the specimens, and Kaonongbua et al (2010) (see A. colliculosa) have indicated that reaction to this reagent in any case may not be a useful phylogenetic signal.",72,72,195432.1958
Acaulospora_polonica,NA,,,,80,94,94,115,80,94,94,115,globose to subglobose,6939.778172,singly,soil,FALSE,,,,NA,NA,NA,NA,NA,NA,NA,NA,B?aszk. (1988),NA,,94,94,434892.7654
Acaulospora_punctata,NA,,Acaulosporaceae,Diversisporales,105,105,129,129,105,105,129,129,globose to subglobose,10751.31546,NA,NA,NA,,,,NA,NA,NA,NA,NA,NA,NA,NA,"Oehl, Palenz., I.C. Sánchez, G.A. Silva, C. Castillo & Sieverd. (2012)",NA,,117,117,838602.6058
Acaulospora_punctata,NA,561543,,,105,105,129,129,105,105,129,129,globose to subglobose,10751.31546,NA,NA,NA,,,,NA,NA,NA,NA,NA,NA,NA,NA,"Oehl, Palenz., I.C. Sánchez, G.A. Silva, C. Castillo & Sieverd.(2012)",NA,,117,117,838602.6058
Acaulospora_pustulata,NA,802631,Acaulosporaceae,Diversisporales,NA,45,65,72,NA,44,62,68,globose to subglobose,2289.435646,singly,soil,FALSE,NA,NA,NA,NA,NA,NA,NA,NA,NA,NA,NA,"Palenz., Oehl, Azcón-Aguilar & G.A. Silva (2013)",NA,,53,55,80893.39284
Acaulospora_rehmii,NA,,,,100,141,141,160,100,141,141,160,globose to subglobose,15614.50089,singly,soil,FALSE,,,,NA,NA,NA,NA,NA,NA,NA,NA,Sieverd. & S. Toro (1987),NA,,141,141,1467763.083
Acaulospora_rugosa,NA,,,,49,92,92,118,49,92,92,118,globose to subglobose,6647.610055,singly,soil,FALSE,,,,NA,NA,NA,NA,NA,NA,NA,NA,J.B. Morton (1986),NA,,92,92,407720.0834
Acaulospora_scrobiculata,NA,,Acaulosporaceae,Diversisporales,100,100,240,240,100,100,220,220,globose to broadly ellipsoid,21362.83004,singly,soil,FALSE,,,,NA,NA,NA,NA,NA,NA,NA,NA,Trappe (1977),NA,,160,170,2278701.871
Acaulospora_sieverdingii,NA,518941,Acaulosporaceae,Diversisporales,NA,60,80,NA,NA,60,80,NA,globose,3848.451001,singly,soil,FALSE,NA,NA,NA,NA,NA,NA,NA,NA,NA,NA,NA,"Oehl, Sýkorová & B?aszk. (2011)",NA,,70,70,179594.38
Acaulospora_spinosa,NA,,Acaulosporaceae,Diversisporales,100,100,298,298,100,100,335,335,globose to subglobose,33993.99601,singly,soil,FALSE,,,,NA,NA,NA,NA,NA,NA,NA,NA,C. Walker & Trappe (1981),NA,,199,217.5,4509870.137
Acaulospora_spinosissima,NA,804884,Acaulosporaceae,Diversisporales,NA,120,187,NA,NA,116,180,NA,globose to subglobose,17842.67548,singly,soil,FALSE,NA,NA,NA,NA,NA,NA,NA,NA,NA,NA,NA,"Oehl, Palenz., I.C. Sánchez, Tchabi, Hount. & G.A.Silva (2014)",NA,,148,153.5,1760477.314
Acaulospora_splendida,NA,,,,190,190,250,250,190,190,250,250,globose to subglobose,38013.27111,singly,soil,FALSE,,,,NA,NA,NA,NA,NA,NA,NA,NA,"Sieverd., Chaverri & I. Rojas (1988)",NA,"Produces acaulosporoid spores, but they do not seem to share characteristics with other members of the genus. No molecular data available, thus the species is retained in its current genus.",220,220,5575279.763
Acaulospora_sporocarpia,NA,,,,140,160,200,240,125,150,175,200,globose to subglobose,22972.89628,sporocarp,soil,TRUE,soil,NA,NA,250,250,250,250,150,150,150,150,S.M. Berch (1985),NA,,162.5,180,2488730.43
Acaulospora_taiwania,NA,,,,NA,NA,NA,NA,NA,NA,NA,NA,NA,NA,NA,NA,NA,,,,NA,NA,NA,NA,NA,NA,NA,NA,H.T. Hu (1988),Unlikely Acaulospora species.,"Very unlikely to be an Acaulospora species. In the species description, it is described as being produced in sporocarps. The illustrations of the species are of such poor quality that it is impossible to draw conclusions other than that it does not look much like an Acaulospora fungus. Type material reported to be lost.",NA,NA,NA
Acaulospora_thomii,NA,,,,150,185,185,240,150,185,185,240,globose to subglobose,26880.25214,singly_sporocarp,soil,TRUE,NA,NA,FALSE,160,160,520,520,300,300,700,700,B?aszk. (1988),NA,"Said to be fundamentally different from other species in the genus, and has been considered as a possible member of Archaeospora. One major consideration was the lack of reaction to Melzer’s reagent, but this is not unknown among the ornamented, small-spored species in Acaulospora. Until more is known recombining it within a different genus would be speculative.",185,185,3315231.098
Acaulospora_tortuosa,NA,802632,Acaulosporaceae,Diversisporales,NA,61,84,94,NA,61,80,91,globose to subglobose,4014.366363,singly,soil,FALSE,NA,NA,NA,NA,NA,NA,NA,NA,NA,NA,NA,"Palenz., Oehl, Azcón-Aguilar & G.A. Silva (2013)",NA,,70.5,72.5,188675.219
Acaulospora_tuberculata,NA,,Acaulosporaceae,Diversisporales,255,255,327,327,255,255,340,340,globose to subglobose,67993.8825,singly,soil,FALSE,,,,NA,NA,NA,NA,NA,NA,NA,NA,Janos & Trappe (1982),NA,,291,297.5,13190813.21
Acaulospora_undulata,NA,,,,55,55,85,85,55,55,85,85,globose to subglobose,3848.451001,singly,soil,FALSE,,,,NA,NA,NA,NA,NA,NA,NA,NA,Sieverd. (1988),NA,"Compare with A. paulinae, see comments given for A. paulinae.",70,70,179594.38
Acaulospora_viridis,NA,804883,Acaulosporaceae,Diversisporales,NA,140,205,NA,NA,140,193,NA,globose to subglobose,22557.617,singly,soil,FALSE,NA,NA,NA,NA,NA,NA,NA,NA,NA,NA,NA,"Palenz., Oehl, Azcón-Aguilar & G.A.Silva (2014)",NA,,166.5,172.5,2503895.487
Acaulospora_walkeri,NA,,,,140,140,200,200,140,140,200,200,globose to subglobose,22698.00692,singly,soil,FALSE,,,,NA,NA,NA,NA,NA,NA,NA,NA,Kramad. & Hedger (1990),NA,"Known only from field collected material, this species is close in morphology to other species in the genus with small, smooth, yellow spores.",170,170,2572440.785
Ambispora_appendicula,Acaulospora_appendicula Appendicispora_appendicula  Paracaulospora_appendicula,,Ambisporaceae,Archaeosporales,170,250,250,390,170,250,250,390,globose,49087.38521,singly,soil,FALSE,,,,NA,NA,NA,NA,NA,NA,NA,NA,C. Walker (2008),NA,"Basionym: Acaulospora appendicula Spain, Sieverd. & N.C. Schenck (1984)  Synonyms: Appendicispora appendicula Spain, Oehl & Sieverd. (2006), Paracaulospora appendicula S.P. Gautam & U.S. Patel (2007)",250,250,8181230.869
Ambispora_callosa,Glomus_callosum Appendicispora_callosa,,Ambisporaceae,Archaeosporales,84,84,319,319,84,84,319,319,globose to subglobose to ellipsoid,31888.93258,singly_aggregated,soil,FALSE,,,,NA,NA,NA,NA,NA,NA,NA,NA," C. Walker, Vestberg & Schuessler (2007)",NA,"Basionym: Glomus callosum Sieverd. (1988) Synonyms: Appendicispora callosa C. Walker, Vestberg & Schuessler (2007)",201.5,201.5,4283746.61
Ambispora_fecundispora,Glomus_fecundisporum Appendicispora_fecundispora,,Ambisporaceae,Archaeosporales,60,107,107,155,60,107,107,155,globose,8992.023573,singly_aggregated,soil,FALSE,,,,NA,NA,NA,NA,NA,NA,NA,NA,C. Walker (2008),NA,"Basionym: Glomus fecundisporum N.C. Schenck & G.S. Sm. (1982) Synonyms: Appendicispora fecundispora C. Walker, Vestberg & Schuessler (2007)",107,107,641431.0149
Ambispora_fennica,Appendicispora_fennica,,Ambisporaceae,Archaeosporales,124,124,201,201,134,134,201,201,globose to subglobose,21377.55626,singly,soil,FALSE,,,,NA,NA,NA,NA,NA,NA,NA,NA,"C. Walker, Vestberg & Schuessler (2007)",NA,"Synonyms: Appendicispora fennica C. Walker, Vestberg & Schuessler (2007)",162.5,167.5,2315901.928
Ambispora_gerdemannii,Glomus_gerdemannii Appendicispora_gerdemannii Archaeospora_gerdemannii,,Ambisporaceae,Archaeosporales,160,212,212,260,160,212,212,260,globose to subglobose,35298.93506,singly,soil,FALSE,,,,NA,NA,NA,NA,NA,NA,NA,NA,"C. Walker, Vestberg & Schuessler (2007)",NA,"Basionym: Glomus gerdemannii S.L. Rose, B.A. Daniels & Trappe (1979) Synonyms: Appendicispora gerdemannii Spain, Oehl & Sieverd. (2006), Archaeospora gerdemannii J.B. Morton & D. Redecker (2001)",212,212,4988916.155
Ambispora_granatensis,NA,513528,Ambisporaceae,Archaeosporales,92,92,145,145,92,92,145,145,globose to subglobose,11028.75736,singly,soil,FALSE,,,,NA,NA,NA,NA,NA,NA,NA,NA,"J. Palenzuela, N. Ferrol & Oehl (2011)",NA,,118.5,118.5,871271.8314
Ambispora_jimgerdemannii,Acaulospora_gerdemannii Appendicispora_jimgerdemannii,,Ambisporaceae,Archaeosporales,200,200,250,250,200,200,250,250,globose to subglobose,39760.78202,singly,soil,FALSE,,,,NA,NA,NA,NA,NA,NA,NA,NA,C. Walker (2008),NA,"Basionym: Acaulospora gerdemannii N.C. Schenck & T.H. Nicolson (1979) Synonyms: Appendicispora jimgerdemannii Spain, Oehl & Sieverd. (2006)",225,225,5964117.303
Ambispora_leptoticha,Glomus_leptotichum Appendicispora_leptoticha Archaeospora_leptoticha Pseudoglomus_leptotichum,,Ambisporaceae,Archaeosporales,160,181,181,200,160,181,181,200,globose to subglobose,25730.42923,singly,soil,FALSE,,,,NA,NA,NA,NA,NA,NA,NA,NA,"C. Walker, Vestberg & Schuessler (2007)",NA,"Basionym: Glomus leptotichum N.C. Schenck & G.S. Sm. (1982) Synonyms: Appendicispora leptoticha C. Walker, Vestberg & Schuessler (2007), Archaeospora leptoticha J.B. Morton & D. Redecker (2001), Pseudoglomus leptotichum S.P. Gautam & U.S. Patel (2007) Remark: Archaeospora leptoticha J.B. Morton & D. Redecker (2001) was composed of Acaulosporagerdemannii & Glomus leptotichum, Ac. appendicula& Gl. fecundisporum (Morton et al. 1997). This was eventually revised by Spain et al. (2006) and Walker (2008). For an explanation about what happened to the species Ac. gerdemannii, Ac. appendicula, Gl. leptotichum and Gl. fecundisporum, see here.",181,181,3104805.127
Ambispora_reticulata,NA,,Ambisporaceae,Archaeosporales,87,87,131,131,87,87,131,131,globose to oval,9331.315579,singly,soil,FALSE,,,,NA,NA,NA,NA,NA,NA,NA,NA,Oehl & Sieverd (2012),NA,"phylogenetic position unsure, described without any DNA-based evidence",109,109,678075.5988
Archaeospora_schenckii,Entrophospora_schenckii Intraspora_schenckii,,Archaeosporaceae,Archaeosporales,37,50,60,77,37,50,60,77,globose to subglobose,2375.829444,singly,soil,FALSE,,,,NA,NA,NA,NA,NA,NA,NA,NA,Walker & Schuessler (2010),NA,Basionym: Entrophospora schenckii Sieverd. & S. Toro (1987) Synonyms: Intraspora schenckii Oehl & Sieverd. (2006),55,55,87113.74629
Archaeospora_trappei,Acaulospora_trappei,,Archaeosporaceae,Archaeosporales,40,58,58,80,40,58,58,80,globose to subglobose,2642.079422,singly,soil,FALSE,,,,NA,NA,NA,NA,NA,NA,NA,NA, J.B. Morton & D. Redecker (2001),(emendation by Spain 2003),Basionym: Acaulospora trappei R.N. Ames & Linderman (1976) (emendation by Spain 2003),58,58,102160.4043
Bulbospora_minima,NA,809232,,,NA,62,95,NA,NA,58,87,NA,ovoid to subglobose,4469.897297,singly,soil_roots,FALSE,NA,NA,NA,NA,NA,NA,NA,NA,NA,NA,NA,"Oehl, Marinho, B.T. Goto & G.A. Silva (2014)",NA,"unclear generic affiliation, from the phylogenetic data shown in the protologue",72.5,78.5,216045.036
Cetraspora_auronigra,NA,808817,,,NA,235,348,NA,NA,237,365,NA,NA,68912.01295,NA,NA,NA,NA,NA,NA,NA,NA,NA,NA,NA,NA,NA,NA,"Oehl, L.L. Lima, Kozovits, Magna & G.A. Silva 2014",NA,"generic affiliation is unclear, the genus Cetrasporamight be a synonym, see Scutellopora",291.5,301,13391901.18
Cetraspora_helvetica,NA,,,,210,210,270,270,210,210,270,270,globose to subglobose,45238.93421,singly,soil,FALSE,,,,NA,NA,NA,NA,NA,NA,NA,NA,"Oehl, J. Jansa, F.A. Souza & G.A. Silva (2011)",NA,See above about the rejection of the genera by Morton & Msiska (2010),240,240,7238229.474
Claroideoglomus_candidum,Glomus_candidum,519459,Claroideoglomeraceae,Glomerales,87,125,125,157,87,125,125,157,globose to subglobose,12271.8463,singly,soil_roots,FALSE,,,,NA,NA,NA,NA,NA,NA,NA,NA,"Oehl, G.A. Silva & Sieverd. (2011)",NA,"Basionym: Glomus candidum Furrazola, Kaonongbua & Bever (2010)",125,125,1022653.859
Claroideoglomus_claroideum,Glomus_claroideum Glomus_maculosum Glomus_fistulosum,,Claroideoglomeraceae,Glomerales,59,70,199,199,51,70,226,243,globose to subglobose,15634.13584,singly_aggregated,soil,FALSE,,,,NA,NA,NA,NA,NA,NA,NA,NA,C. Walker & Schuessler (2010),NA,"Basionym: Glomus claroideum N. C. Schenck &  G. S. Sm. (1982) (emendation by Walker & Vestberg 1998) Synonyms: Glomus maculosum D. D. Mill. & C. Walker (1986), G. fistulosum Skou & I. Jakobsen (1989)",134.5,148,1401860.847
Claroideoglomus_drummondii,Glomus_drummondii Albahypha_drummondii,,Claroideoglomeraceae,Glomerales,58,71,71,85,58,71,71,85,globose to subglobose,3959.192142,singly,soil,FALSE,,,,NA,NA,NA,NA,NA,NA,NA,NA,C. Walker & Schuessler (2010),NA,"Basionym: Glomus drummondii Blaszk. & C. Renker (2006) Synonym: Albahypha drummondii Sieverd., Oehl, B.T.Goto&G.A. Silva (2011)",71,71,187401.7614
Claroideoglomus_etunicatum,Glomus_etunicatum,,Claroideoglomeraceae,Glomerales,68,68,144,162,68,68,144,162,globose to subglobose,8824.733764,singly,soil_dead_roots,FALSE,,,,NA,NA,NA,NA,NA,NA,NA,NA,C. Walker & Schuessler (2010),NA,Basionym: Glomus etunicatum W.N. Becker & Gerd. (1977)  [as 'etunicatus'],106,106,623614.5193
Claroideoglomus_hanlinii,NA,810925,Claroideoglomeraceae,Glomerales,45,71,71,90,45,71,71,90,NA,3959.192142,NA,NA,NA,NA,NA,NA,NA,NA,NA,NA,NA,NA,NA,NA,"B?aszk., Chwat & Góralska (2015)",NA,,71,71,187401.7614
Claroideoglomus_lamellosum,Glomus_lamellosum,,Claroideoglomeraceae,Glomerales,98,106,142,142,122,122,162,162,globose to irregular,13829.29086,singly,soil_root,FALSE,,,,NA,NA,NA,NA,NA,NA,NA,NA,C. Walker & Schuessler (2010),NA,"Basionym: Glomus lamellosum Dalpé, Koske & Tews (1992)",124,142,1143221.378
Claroideoglomus_luteum,Glomus_luteum,,Claroideoglomeraceae,Glomerales,60,60,180,180,60,60,180,180,globose to subglobose,11309.73355,singly,soil,FALSE,,,,NA,NA,NA,NA,NA,NA,NA,NA,C. Walker & Schuessler (2010),NA,"Basionym: Glomus luteum L.J. Kenn., J.C. Stutz & J.B. Morton (1999)",120,120,904778.6842
Claroideoglomus_walkeri,Glomus_walkeri,,Claroideoglomeraceae,Glomerales,55,81,81,95,55,81,81,95,globose to subglobose,5152.99735,singly,soil,FALSE,,,,NA,NA,NA,NA,NA,NA,NA,NA,C. Walker & Schuessler (2010),NA,"Basionym: Glomus walkeri Blaszk. & C. Renker (2006) Synonym: Albahypha walkeri Sieverd., Oehl, B.T. Goto & G.A. Silva (2011)",81,81,278261.8569
Corymbiglomus_corymbiforme,Glomus_corymbiforme,564567,Diversisporaceae,Diversisporales,50,142,142,220,50,142,142,220,globose to subglobose,15836.76857,sporocarp,soil,TRUE,soil,NA,NA,180,336,336,490,180,336,336,490,B?aszk. & Chwat (2013),NA,Basionym: Glomus corymbiforme B?aszk. (1995),142,142,1499214.091
Corymbiglomus_globiferum,Glomus_globiferum,,Diversisporaceae,Diversisporales,150,150,260,260,150,150,270,270,globose to subglobose,33811.39093,singly_aggregated,soil,FALSE,,,,NA,NA,NA,NA,NA,NA,NA,NA,B?aszk. & Chwat (2013),NA,Basionym: Glomus globiferum Koske & C. Walker (1986),205,210,4620890.094
Corymbiglomus_pacificum,NA,,Diversisporaceae,Diversisporales,85,95,130,135,75,85,125,131,NA,9277.515805,NA,NA,NA,NA,NA,NA,NA,NA,NA,NA,NA,NA,NA,NA,"Oehl, Medina, P. Cornejo, Sánchez-Castro, G.A. Silva & Palenz. (2014)",NA,,105,112.5,649426.1064
Corymbiglomus_tortuosum,Glomus_tortuosum,582997,Diversisporaceae,Diversisporales,94,94,180,180,112,112,130,130,globose to subglobose,13019.54535,singly,soil,FALSE,,,,NA,NA,NA,NA,NA,NA,NA,NA,B?aszk. & Chwat (2013),NA,Basionym: Glomus tortuosum N.C. Schenck & G. S. Sm. (1982) Synonym: Parapseudoglomus tortuosum S.P. Gautam & U.S. Patel (2007),121,137,1050243.325
Dentiscutata_colliculosa,NA,,,Diversisporales,330,330,570,570,330,330,570,570,NA,159043.1281,NA,NA,NA,,,,NA,NA,NA,NA,NA,NA,NA,NA,B.T. Goto & Oehl (2010),NA,"Molecular data indicate Dentiscutata to be a monophyletic, separated clade, but the phylogenetic position of this species places it amongst the genera rejected by Msiska & Morton (2010), so it is listed here pending clarification.",450,450,47712938.43
Dentiscutata_erythropus,Gigaspora_erythropus Scutellospora_erythropus Quatunica_erythropus,,Gigasporaceae,Diversisporales,170,221,364,551,205,205,314,660,variable,59614.66584,singly,soil,FALSE,,,,NA,NA,NA,NA,NA,NA,NA,NA,C. Walker & D. Redecker (2013),NA,"Basionym: Gigaspora erythropus Koske & C. Walker (1984) [as 'erythropa'] Synonyms: Scutellospora erythropus C. Walker & F.E. Sanders (1986),  Quatunica erythropus F.A. Souza, Sieverd. & Oehl (2008)",259.5,292.5,10313337.19
Dentiscutata_heterogama,Endogone_heterogama Gigaspora_heterogama Scutellospora_heterogama Fuscutata_heterogama,,Gigasporaceae,Diversisporales,120,159,159,200,120,159,159,200,globose,19855.65097,singly,soil_root,FALSE,,,,NA,NA,NA,NA,NA,NA,NA,NA,"Sieverd., F.A. Souza & Oehl (2008)",INVAM data; others: original description (Endogone heterogama) 150-202; Oehl version (Fuscutata heterogama): 165-280,"Basionym: Endogone heterogama T.H. Nicolson & Gerd. (1968) Synonyms: Gigaspora heterogama Gerd. & Trappe (1974), Scutellospora heterogama Walker & F.E. Sanders (1986), Fuscutata heterogama Oehl, F.A. Souza, L.C. Maia & Sieverd. 344 (2009)",159,159,2104699.003
Dentiscutata_nigerita,NA,,,Diversisporales,NA,300,650,NA,NA,275,700,NA,NA,181868.7622,NA,NA,NA,,,,NA,NA,NA,NA,NA,NA,NA,NA,S. W. Kade (2010),NA,"Molecular data indicate Dentiscutata to be a monophyletic, separated clade, but the phylogenetic position of this species places it amongst the genera rejected by Msiska & Morton (2010), so it is listed here pending clarification.",475,487.5,57591774.7
Diversispora_arenaria,Glomus_arenarium,,Diversisporaceae,Diversisporales,55,97,97,120,55,97,97,120,globose to subglobose,7389.811319,singly,soil_roots,FALSE,,,,NA,NA,NA,NA,NA,NA,NA,NA,"Oehl, G.A. Silva & Sieverd. (2011)",NA,"Basionym: Glomus arenarium B?aszk., Tadych & Madej (2001)",97,97,477874.4653
Diversispora_aurantia,Glomus_aurantium,,Diversisporaceae,Diversisporales,70,98,98,120,70,98,98,120,globose to subglobose,7542.963961,singly,soil,FALSE,,,,NA,NA,NA,NA,NA,NA,NA,NA,C. Walker & Schuessler (2010) [as 'aurantium'],NA,"Basionym: Glomus aurantium B?aszk., Blanke, Renker & Buscot (2004)",98,98,492806.9788
Diversispora_celata,NA,,Diversisporaceae,Diversisporales,53,53,160,160,48,48,192,192,globose to subglobose to ellipsoid,10037.38853,singly_aggregated,soil,FALSE,,,,NA,NA,NA,NA,NA,NA,NA,NA,"C. Walker, Gamper & Schuessler (2009)",NA,,106.5,120,712654.5855
Diversispora_clara,NA,,Diversisporaceae,Diversisporales,80,80,110,110,80,80,110,110,globose to subglobose,7088.218425,singly,soil,FALSE,,,,NA,NA,NA,NA,NA,NA,NA,NA,"Oehl, B. Estrada, G.A. Silva & Palenz. (2012)",NA,,95,95,448920.5002
Diversispora_eburnea,Glomus_eburneum,,Diversisporaceae,Diversisporales,40,40,60,60,140,140,160,160,irregular,5890.486225,singly,soil,FALSE,,,,NA,NA,NA,NA,NA,NA,NA,NA,C. Walker & Schuessler (2010),NA,"Basionym: Glomus eburneum L.J. Kenn., J.C. Stutz & J.B. Morton (1999)",50,150,196349.5408
Diversispora_epigaea,Glomus_epigaeum,,Diversisporaceae,Diversisporales,60,75,140,165,95,95,140,140,globose to subglobose to ellipsoid,9920.560551,singly_aggregated_sporocarp,soil,TRUE,NA,NA,FALSE,2000,2000,8000,8000,3000,3000,15000,15000,C. Walker & Schuessler (2010),NA,Basionym: Glomus epigaeum B.A. Daniels & Trappe (1979),107.5,117.5,710973.5062
Diversispora_gibbosa,Glomus_gibbosum,,Diversisporaceae,Diversisporales,70,93,115,140,70,93,115,140,globose to subglobose,8494.866535,singly_aggregated_sporocarp,soil,TRUE,soil,NA,NA,190,243,243,310,190,243,243,310,B?aszk. & Kovács (2011),NA,Basionym: Glomus gibbosum B?aszk. (1997),104,104,588977.4131
Diversispora_insculpta,Glomus_insculptum,,Diversisporaceae,Diversisporales,50,71,71,85,50,71,71,85,globose to subglobose,3959.192142,singly,soil,FALSE,,,,NA,NA,NA,NA,NA,NA,NA,NA,"Oehl, G.A. Silva & Sieverd. (2011)",NA,Basidionym: Glomus insculptum B?aszk. (2004),71,71,187401.7614
Diversispora_jakucsiae,NA,,Diversisporaceae,Diversisporales,85,110,110,145,85,110,110,145,NA,9503.317777,NA,NA,NA,NA,NA,NA,NA,NA,NA,NA,NA,NA,NA,NA,"B?aszk., Balázs & Kovács (2015)",NA,,110,110,696909.9703
Diversispora_omaniana,,,Diversisporaceae,Diversisporales,85,136,136,170,85,136,136,170,globose to subglobose,14526.72443,singly,soil,FALSE,,,,NA,NA,NA,NA,NA,NA,NA,NA,"Symanczik, B?aszk. & Al-Yahya’ei (2014)",,,136,136,1317089.682
Diversispora_peridiata,NA,,Diversisporaceae,Diversisporales,35,74,74,100,35,74,74,100,NA,4300.840343,NA,NA,NA,NA,NA,NA,NA,NA,NA,NA,NA,NA,NA,NA,"B?aszk., Chwat, Kovács & Góralska 2015",NA,,74,74,212174.7902
Diversispora_przelewicensis,Glomus_przelewicense Glomus_przelewicensis,,Diversisporaceae,Diversisporales,NA,NA,NA,NA,NA,NA,NA,NA,NA,NA,NA,NA,NA,,,,NA,NA,NA,NA,NA,NA,NA,NA,"Oehl, G.A. Silva & Sieverd. (2011)",NA,Basionym: Glomus przelewicense B?aszk. (1988) [as 'przelewicensis'],NA,NA,NA
Diversispora_slowinskiensis,NA,,Diversisporaceae,Diversisporales,75,138,138,190,75,138,138,190,NA,14957.12262,NA,NA,NA,NA,NA,NA,NA,NA,NA,NA,NA,NA,NA,NA,"B?aszk., Chwat, Kovács & Góralska 2015",NA,,138,138,1376055.281
Diversispora_spurca,Glomus_spurcum,,Diversisporaceae,Diversisporales,57,75,110,130,40,75,110,115,globose to subglobose,6720.063036,singly_aggregated,soil,FALSE,,,,NA,NA,NA,NA,NA,NA,NA,NA,C. Walker & A. Schuessler (2004) [as 'spurcum'],(emendation),"Basionym: Glomus spurcum C.M. Pfeiff., C. Walker & Bloss (1996)",92.5,92.5,414403.8872
Diversispora_trimurales,Glomus_trimurales,,Diversisporaceae,Diversisporales,60,121,121,130,70,118,118,200,globose to subglobose to ellipsoid,11213.91498,singly,soil,FALSE,,,,NA,NA,NA,NA,NA,NA,NA,NA,C. Walker & Schuessler (2010),NA,Basionym: Glomus trimurales Koske & Halvorson (1989),118,121,882161.3115
Diversispora_varaderana,NA,,Diversisporaceae,Diversisporales,60,75,75,90,60,75,75,90,NA,4417.864669,NA,NA,NA,NA,NA,NA,NA,NA,NA,NA,NA,NA,NA,NA,"B?aszk., Chwat, Kovács & Góralska (2015)",NA,,75,75,220893.2335
Dominikia_achra,Glomus_achrum,,Glomeraceae,Glomerales,22,43,43,55,22,43,43,55,globose to subglobose,1452.201204,singly_aggregated,soil_roots,FALSE,,,,NA,NA,NA,NA,NA,NA,NA,NA,"B?aszk., Chwat & Kovács (2014)",NA,"Basionym: Glomus achrum B?aszk., D. Redecker, Koegel, Schützek, Oehl & Kovács (2009)",43,43,41629.76785
Dominikia_aurea,Glomus_aureum,809860,Glomeraceae,Glomerales,36,55,65,65,30,45,52,52,globose to ovoid,2285.508655,sporocarp,soil,TRUE,soil,NA,FALSE,450,450,1200,1200,510,510,1600,1600,"B?aszk., Chwat, G.A. Silva & Oehl (2015)",NA,Basionym: Glomus aureum Oehl & Sieverd (2003) Compare with Glomus invermaium,48.5,60,73898.11319
Dominikia_bernensis,NA,807929,Glomeraceae,Glomerales,19,25,43,52,19,25,42,46,NA,894.5685081,NA,NA,NA,NA,NA,NA,NA,NA,NA,NA,NA,NA,NA,NA,"Oehl, Palenz., Sánchez-Castro, N.M.F. Sousa & G.A. Silva (2015)",NA,,33.5,34,19978.69668
Dominikia_compressa,Glomus_compressum,,Glomeraceae,Glomerales,50,68,94,103,50,68,94,103,NA,5152.99735,NA,NA,NA,NA,NA,NA,NA,NA,NA,NA,NA,NA,NA,NA,"Oehl, Palenz., Sánchez-Castro & G.A. Silva (2015)",NA,"Basionym: Glomus compressum Sieverd., Oehl, Palenz., Sánchez-Castro & G.A. Silva",81,81,278261.8569
Dominikia_difficilevidera,NA,,Glomeraceae,Glomerales,31,36,36,45,31,36,36,45,NA,1017.87602,NA,NA,NA,NA,NA,NA,NA,NA,NA,NA,NA,NA,NA,NA,"B?aszk., Góralska & Chwat (2015)",NA,,36,36,24429.02447
Dominikia_disticha,NA,,Glomeraceae,Glomerales,28,40,40,57,28,40,40,57,NA,1256.637061,NA,NA,NA,NA,NA,NA,NA,NA,NA,NA,NA,NA,NA,NA,"B?aszk., Chwat & Kovács (2014)",NA,,40,40,33510.32164
Dominikia_duoreactiva,NA,,Glomeraceae,Glomerales,30,52,52,70,30,52,52,70,NA,2123.716634,NA,NA,NA,NA,NA,NA,NA,NA,NA,NA,NA,NA,NA,NA,"B?aszk., Góralska & Chwat (2015)",NA,,52,52,73622.17664
Dominikia_indica,Dominikia_indicum Glomus_indicum,,Glomeraceae,Glomerales,17,32,32,52,17,32,32,52,globose to subglobose,804.2477193,aggregated,soil,FALSE,,,,NA,NA,NA,NA,NA,NA,NA,NA,"B?aszk., Chwat & Kovács (2015)",NA,"Basionym: Glomus indicum B?aszk., Wubet, Harikumar (2010)",32,32,17157.28468
Dominikia_iranica,Rhizophagus_iranicus Glomus_iranicum,,Glomeraceae,Glomerales,13,40,40,56,13,40,40,56,globose to subglobose,1256.637061,singly_aggregated,soil_root,FALSE,,,,NA,NA,NA,NA,NA,NA,NA,NA,"B?aszk., Chwat & Kovács (2014)",NA,"Basionym: Glomus iranicum B?aszk., Kovács & Balázs (2010) Synonyms: Rhizophagus iranicus C. Walker & Schuessler (2010)",40,40,33510.32164
Dominikia_minuta,Glomus_minutum,,Glomeraceae,Glomerales,18,39,39,65,18,39,39,65,globose to subglobose,1194.590607,singly_aggregated,soil,FALSE,,,,NA,NA,NA,NA,NA,NA,NA,NA,"B?aszk., Chwat & Kovács (2014)",NA,"Basionym: Glomus minutum B?aszk., Tadych & Madej (2000)",39,39,31059.35577
Endogone_arenacea,Glomus_fasciculatum,,,,NA,NA,NA,NA,NA,NA,NA,NA,NA,NA,NA,NA,NA,NA,NA,NA,NA,NA,NA,NA,NA,NA,NA,NA,Thaxt. (1922),NA,"Synonyms: Glomus fasciculatum Gerdemann & Trappe (1974) The following species were synonymised from morphological evidence, but without supporting molecular data, they are left here as uncertain position",NA,NA,NA
Endogone_lignicola,Glomus_fulvum,,,,NA,NA,NA,NA,NA,NA,NA,NA,NA,NA,NA,NA,NA,NA,NA,NA,NA,NA,NA,NA,NA,NA,NA,NA,Pat. (1902),NA,"Synonyms: Glomus fulvum Gerdemann & Trappe (1974) The following species were synonymised from morphological evidence, but without supporting molecular data, they are left here as uncertain position",NA,NA,NA
Endogone_moelleri,Glomus_fulvum,,,,NA,NA,NA,NA,NA,NA,NA,NA,NA,NA,NA,NA,NA,NA,NA,NA,NA,NA,NA,NA,NA,NA,NA,NA,Henn. (1897),NA,"Synonyms: Glomus fulvum Gerdemann & Trappe (1974) The following species were synonymised from morphological evidence, but without supporting molecular data, they are left here as uncertain position",NA,NA,NA
Endogone_nuda,Glomus_macrocarpum,,,,NA,NA,NA,NA,NA,NA,NA,NA,NA,NA,NA,NA,NA,NA,NA,NA,NA,NA,NA,NA,NA,NA,NA,NA,Petch (1925),NA,"Synonyms: G. macrocarpum Gerdemann & Trappe (1974) The following species were synonymised from morphological evidence, but without supporting molecular data, they are left here as uncertain position",NA,NA,NA
Endogone_pampaloniana,Glomus_macrocarpum,,,,NA,NA,NA,NA,NA,NA,NA,NA,NA,NA,NA,NA,NA,NA,NA,NA,NA,NA,NA,NA,NA,NA,NA,NA,Bacc. (1903)     ,NA,"Synonyms: G. macrocarpum Gerdemann & Trappe (1974) The following species were synonymised from morphological evidence, but without supporting molecular data, they are left here as uncertain position",NA,NA,NA
Entrophospora_baltica,NA,444868,,,110,177,177,220,110,177,177,220,globose to subglobose,24605.73906,singly,soil,FALSE,,,,NA,NA,NA,NA,NA,NA,NA,NA,"B?aszk., Madej & Tadych (1998)",NA,"Synonym: Sacculospora baltica Oehl, Palenz., Sánchez-Castro, B.T. Goto, G.A. Silva & Sieverd.(2011)",177,177,2903477.209
Entrophospora_infrequens,Glomus_infrequens,,Entrophosporaceae,unknown,69,69,183,225,69,69,164,164,subgloboser to ellipsoid,11528.85964,singly,soil,FALSE,,,,NA,NA,NA,NA,NA,NA,NA,NA,R.N. Ames & R.W. Schneid. (1979),NA,Basionym: Glomus infrequens I.R. Hall (1977),116.5,126,895408.0987
Entrophospora_nevadensis,NA,,sequences cluster inDiversisporaceae,sequences cluster inDiversisporales,90,90,115,115,90,90,115,115,globose to subglobose,8251.589454,singly,soil_root,FALSE,,,,NA,NA,NA,NA,NA,NA,NA,NA,"J. Palenzuela, N. Ferrol, Azcón-Aguilar & Oehl (2010)",NA,"rDNA sequences published cluster in Diversispora. It is well possible that the sequence data, obtained from trap-cultures, do not represent the morphospecies.",102.5,102.5,563858.6127
Funneliformis_africanum,Glomus_africanum,,Glomeraceae,,60,87,87,125,60,87,87,125,globose to subglobose,5944.678699,singly_aggregated,soil,FALSE,,,,NA,NA,NA,NA,NA,NA,NA,NA,C. Walker & Schuessler (2010),NA,Basionym: Glomus africanum B?aszk. & Kovács (2010),87,87,344791.3645
Funneliformis_badium,Glomus_badium,,Glomeraceae,Glomerales,33,51,90,90,50,75,120,120,globose to subglobose to ovoid,5398.630626,sporocarp,,TRUE,soil,NA,FALSE,180,180,275,275,200,200,280,350,C. Walker & Schuessler (2010),NA,"Basionym: Glomus badium Oehl, Redecker & Sieverd. (2005)",70.5,97.5,253735.6394
Funneliformis_caledonium,Endogone_macrocarpa_var_ caledonia Glomus_caledonium,,Glomeraceae,Glomerales,130,130,279,279,120,120,272,272,globose to subglobose,31480.32919,singly_sporocarp,soil,TRUE,soil,NA,TRUE,6000,6000,6000,6000,6000,6000,6000,6000,C. Walker & Schuessler (2010),NA,Basionym: Endogone macrocarpa var. caledonia T.H. Nicolson & Gerd. (1968) Synonyms: Glomus caledonium Trappe & Gerd. [as 'caledonius'] (1974),196,204.5,4113429.68
Funneliformis_coronatum,Glomus_coronatum,,Glomeraceae,Glomerales,173,173,336,336,173,173,336,336,globose to subglobose,50870.43539,singly_sporocarp,soil,TRUE,Hypogeous,aggragationSingleSporedSporocarps,TRUE,600,600,600,450,450,450,450,450,C. Walker & Schuessler (2010),NA,Basionym: Glomus coronatum Giovann. (1991),254.5,254.5,8631017.205
Funneliformis_fragilistratum,Glomus_fragilistratum,,Glomeraceae,Glomerales,108,146,146,191,108,146,146,191,globose,16741.54725,singly,soil,FALSE,,,,NA,NA,NA,NA,NA,NA,NA,NA,C. Walker & Schuessler (2010),NA,Basionym: Glomus fragilistratum Skou & I. Jakobsen (1989),146,146,1629510.599
Funneliformis_geosporum,Endogone_macrocarpa_var_geospora Glomus macrocarpum_var_geosporum Glomus_geosporum,,Glomeraceae,Glomerales,110,110,290,290,110,110,290,290,globose to subglobose to ellipsoid,31415.92654,singly ,soil,FALSE,,,,NA,NA,NA,NA,NA,NA,NA,NA,C. Walker & Schuessler (2010),NA,"Basionym: Endogone macrocarpa var. geospora T.H. Nicolson & Gerd. (1968) Synonyms: Glomus macrocarpum var. geosporumGerd. & Trappe (1974), Glomus geosporum C. Walker (1982) (complete paper here)",200,200,4188790.205
Funneliformis_mosseae,Endogone_mosseae Glomus_mosseae,,Glomeraceae,Glomerales,105,105,310,310,110,110,305,305,globose to ellipsoid,33816.29967,singly_aggregated_sporocarp,soil,TRUE,soil,NA,TRUE,1000,1000,1000,1000,1000,1000,1000,1000,C. Walker & Schuessler 2010,NA,Basionym: Endogone mosseae T.H. Nicolson & Gerd. (1968) Synonyms: Glomus mosseae Gerd. & Trappe (1974),207.5,207.5,4677921.455
Funneliformis_verruculosum,Glomus_verruculosum,,Glomeraceae,Glomerales,150,189,189,265,150,189,189,265,globose to subglobose,28055.20779,singly,soil,FALSE,,,,NA,NA,NA,NA,NA,NA,NA,NA,C. Walker & Schuessler (2010),NA,Basionym: Glomus verruculosum B?aszk. (1997),189,189,3534956.182
Funneliformis_xanthium,Glomus_xanthium,,Glomeraceae,Glomerales,23,50,50,75,23,50,50,75,globose to subglobose,1963.495408,singly,soil_root,FALSE,,,,NA,NA,NA,NA,NA,NA,NA,NA,C. Walker & Schuessler (2010),NA,"Basionym: Glomus xanthium B?aszk., Blanke, Renker & Buscot (2004)",50,50,65449.84695
Fuscutata_aurea,NA,563598,,,NA,160,250,310,NA,160,250,310,NA,33006.35782,NA,NA,NA,NA,NA,NA,NA,NA,NA,NA,NA,NA,NA,NA,"Oehl, C.M. Mello & G.A. Silva (2012)",NA,,205,205,4510868.902
Geosiphon_pyriformis,Botrydium_pyriforme Geosiphonomyces_pyriformis,,Geosiphonaceae,Archaeosporales,250,250,250,250,250,250,250,250,globose,49087.38521,NA,NA,NA,,,,NA,NA,NA,NA,NA,NA,NA,NA,F. v. Wettstein (1915) [as 'pyriforme'],(emendation) fungus-cyanobacteria symbiosis,Basionym: Botrydium pyriforme Kützing (1849) Synonyms: Geosiphonomyces pyriformis Cif. & Tomas (1957),250,250,8181230.869
Gigaspora_albida,NA,,Gigasporaceae,,143,143,330,350,143,143,330,350,globose,43929.08642,singly,soil,FALSE,,,,NA,NA,NA,NA,NA,NA,NA,NA,N.C. Schenck & G.S. Sm. (1982),NA,,236.5,236.5,6926152.626
Gigaspora_candida,Gigaspora_alboaurantiaca,,Gigasporaceae,Diversisporales,200,200,300,300,200,200,300,300,globose,49087.38521,singly,soil,FALSE,,,,NA,NA,NA,NA,NA,NA,NA,NA,"Bhattacharjee, Mukerji, J.P. Tewari & Skoropad (1982)",NA,"Synonyms: Gigaspora alboaurantiaca W.N. Chou (1991) The type material of G. candida is lost, but the species description is such that it cannot be separated from G. alboaurantiaca. Therefore, G. alboaurantiaca was placed as a later heterotypic synonym of G. candida.",250,250,8181230.869
Gigaspora_decipiens,NA,,Gigasporaceae,Diversisporales,320,320,490,490,320,320,490,490,globose,128824.9338,singly,soil,FALSE,,,,NA,NA,NA,NA,NA,NA,NA,NA,I.R. Hall & L.K. Abbott (1984),NA,,405,405,34782732.11
Gigaspora_gigantea,Endogone_gigantea,,Gigasporaceae,Diversisporales,353,353,368,368,345,345,398,398,globose to ellipsoid,105185.0381,singly,soil,FALSE,,,,NA,NA,NA,NA,NA,NA,NA,NA,Gerd. & Trappe (1974),NA,Basionym: Endogone gigantea T.H. Nicolson & Gerd. (1968),360.5,371.5,25279470.82
Gigaspora_lazzarii,NA,,,Diversisporales,NA,NA,NA,NA,NA,NA,NA,NA,NA,NA,NA,NA,NA,,,,NA,NA,NA,NA,NA,NA,NA,NA,"Montecchi, Ruini & G. Gross (1996)",Species does not share any of the characteristics of any member of the Glomeromycota,Type material and species description share none of the characteristics of any member of the Glomeromycota.,NA,NA,NA
Gigaspora_margarita,NA,,Gigasporaceae,Diversisporales,260,260,480,480,260,260,480,480,globose,107521.0086,singly,soil,FALSE,,,,NA,NA,NA,NA,NA,NA,NA,NA,W.N. Becker & I.R. Hall (1976),NA,,370,370,26521848.78
Gigaspora_ramisporophora,NA,,Gigasporaceae,Diversisporales,96,200,450,567,96,200,450,567,globose to subglobose,82957.68101,singly,soil_plantResidues,FALSE,,,,NA,NA,NA,NA,NA,NA,NA,NA,"Spain, Sieverd. & N.C. Schenck (1989)",it colonizes plant residues,,325,325,17974164.22
Gigaspora_rosea,NA,,Gigasporaceae,Diversisporales,230,230,305,305,230,230,305,305,globose,56200.14733,singly,soil,FALSE,,,,NA,NA,NA,NA,NA,NA,NA,NA,T.H. Nicolson & N.C. Schenck (1979),NA,,267.5,267.5,10022359.61
Glomus_albidum,Glomus_albidus,,,Glomerales,85,95,168,198,85,95,168,177,globose to subglobose,13581.30139,singly,soil,FALSE,,,,NA,NA,NA,NA,NA,NA,NA,NA,C. Walker & L.H. Rhodes (1981),NA,"Morphologically, the species seems identical toDiversispora eburneum",131.5,131.5,1190627.422
Glomus_ambisporum,NA,,,,85,85,157,157,85,85,157,157,globose to subglobose,11499.01451,aggregated_sporocarp,soil_root,TRUE,soil_root,NA,FALSE,315,315,690,690,424,424,776,776,G.S. Sm. & N.C. Schenck (1985),NA,,121,121,927587.1705
Glomus_antarcticum,NA,,,,50,50,70,70,50,50,70,70,globose to subglobose,2827.433388,aggregated_sporocarp,soil_roots,TRUE,NA,NA,FALSE,1000,1000,1000,1000,564,564,564,564,Cabello (1994),NA,Morphologically similar to Rhizophagus species,60,60,113097.3355
Glomus_arborense,NA,,,,24,24,55,55,50,50,50,50,NA,1551.161373,sporocarp,soil,TRUE,Hypogeous,NA,FALSE,10000,10000,10000,10000,20000,20000,20000,20000,McGee (1986),NA,,39.5,50,40847.24948
Glomus_atrouva,NA,,,,100,100,180,200,100,100,180,200,globose to subglobose,15393.804,singly_sporocarp,soil_roots,TRUE,soil,NA,FALSE,10000,10000,10000,10000,10000,10000,10000,10000,McGee & Pattinson (2002),NA,Compare with Glomus botryoides,140,140,1436755.04
Glomus_australe,Endogone_australis,,,,120,160,160,180,120,160,160,180,globose,20106.19298,sporocarp,soil,TRUE,epigeous,NA,TRUE,NA,7000,7000,NA,NA,5000,5000,NA,S.M. Berch (1983),NA,Basionym: Endogone australis Berk. (1859) [1860]  Was synonymised with G. macrocarpum by Gerdemann & Trappe (1974). Because of lacking molecular evidence treated here as Glomus sensu lato of uncertain phylogenetic position.,160,160,2144660.585
Glomus_avelingiae,NA,,,,64,64,80,80,64,64,80,80,globose to subglobose,4071.504079,sporocarp,soil,TRUE,epigeous,NA,FALSE,1000,1000,1200,1200,1800,1800,2200,2200,R.C. Sinclair (2000),NA,,72,72,195432.1958
Glomus_bagyarajii,NA,,,,36,100.8,100.8,125.2,36,100.8,100.8,125.2,globose to subglobose,7980.147995,singly_sporocarp,soil,TRUE,Hypogeous,NA,FALSE,160,320,320,480,200,400,400,640,V.S. Mehrotra (1997),NA,,100.8,100.8,536265.9453
Glomus_bistratum,NA,,,,20,29,29,50,20,29,29,50,globose to subglobose,660.5198554,aggregated ,soil_root,FALSE,,,,NA,NA,NA,NA,NA,NA,NA,NA,"B?aszk., D. Redecker, Koegel, Symanczik, Oehl & Kovacs (2009)",NA,"According to analysis of published rDNA sequences, the phylogenetic position cannot yet be robustly defined",29,29,12770.05054
Glomus_boreale,Endogone_borealis,,,,125,125,145,145,100,100,110,110,ellipsoid  ,11133.01897,NA,NA,NA,,,,NA,NA,NA,NA,NA,NA,NA,NA,Trappe & Gerd. (1974),NA,Basionym: Endogone borealis Thaxt. (1922),105,135,779311.3276
Glomus_botryoides,NA,,,,145,145,145,145,250,250,250,250,globose to subglobose,28470.68342,singly_aggregated,soil,FALSE,,,,NA,NA,NA,NA,NA,NA,NA,NA,F.M. Rothwell & Victor (1984),NA,,145,250,2752166.064
Glomus_brohultii,NA,,,,95,95,130,130,70,70,105,105,globose to subglobose to irregular,7731.263171,NA,NA,NA,,,,NA,NA,NA,NA,NA,NA,NA,NA,"R.A. Herrera, Ferrer & Sieverd. (2003)",NA,,87.5,112.5,450990.3516
Glomus_caesaris,NA,,,,156,156,212,240,156,156,212,240,globose,26590.44022,singly,soil,FALSE,,,,NA,NA,NA,NA,NA,NA,NA,NA,Sieverd. & Oehl (2002),NA,,184,184,3261760.667
Glomus_canadense,Endogone_canadensis Glomus_canadensis,,,,100,100,100,100,100,100,100,100,ovoid to ellipsoid,7853.981634,NA,NA,NA,,,,NA,NA,NA,NA,NA,NA,NA,NA,Trappe & Gerd. (1974),NA,Basionym: Endogone canadensis Thaxt. (1922),100,100,523598.7756
Glomus_canum,NA,,,,30,30,50,50,30,30,50,50,globose to subglobose,1256.637061,sporocarp,soil,TRUE,soil,NA,TRUE,2000,2000,2000,2000,2000,2000,2000,2000,McGee (2002),NA,,40,40,33510.32164
Glomus_cerebriforme,NA,,,,25,25,65,80,80,80,80,80,globose to irregular,2827.433388,sporocarp,soil,TRUE,epigeous,,FALSE,1500,1500,1500,1500,1500,1500,1500,1500,McGee (1986),commonly found in burned areas,"According to the currently (2012) published rDNA sequence data, this species clusters basal within in Rhizophagus, but the culture used to generate the sequences may not correspond to the species and is in need of verification, so it is classified as of uncertain position, for now.  Compare with Glomus pallidum",45,80,84823.00165
Glomus_citricola,NA,,,,35,35,65,65,60,60,90,90,NA,2945.243113,NA,NA,NA,,,,NA,NA,NA,NA,NA,NA,NA,NA,D.Z. Tang & M. Zang (1984) [as 'citricolum'],NA,"Type material difficult to interpret. Maybe mixed, maybe a Rhizophagus sp., or even an Acaulospora",50,75,98174.77042
Glomus_convolutum,Glomus_convolutus,,,,81,81,193,193,67,67,193,193,globose to ovoid,13987.94129,sporocarp,soil,TRUE,Hypogeous_epigeous,NA,FALSE,2000,2000,9000,9000,2000,2000,9000,9000,Gerd. & Trappe (1974) [as 'convolutus'],NA,,130,137,1212288.245
Glomus_crenatum,NA,,,,100,100,208,208,100,100,208,208,globose to subglobose to elliptical,18626.50284,singly,soil,FALSE,,,,NA,NA,NA,NA,NA,NA,NA,NA,"Furrazola, Ferrer, R.A. Herrera & B.T. Goto (2011)",NA,,154,154,1912320.959
Glomus_cubense,NA,,none (invalidly published),,20,20,48,48,24,54,82,82,ovoid to ellipsoid to pyriform to irregular,1815.840554,aggregated,soil,FALSE,,,,NA,NA,NA,NA,NA,NA,NA,NA,Y. Rodr. & Dalpé (2012),name reported as invalid,"Glomus cubense is not validly published. Types from different collections were listed as a holotype, so the name is invalid and now lost",34,68,41159.05255
Glomus_cuneatum,NA,,,,70,70,120,120,180,180,180,180,globose to ovoid to clavate to irregular,13430.30859,sporocarp,soil,TRUE,soil,NA,TRUE,2000,2000,12000,12000,2000,2000,12000,12000,McGee & Cooper (2002),NA,,95,180,850586.211
Glomus_delhiense,NA,,,none (invalidly published),100,100,125,125,100,100,125,125,globose,9940.195505,aggregated,soil,FALSE,,,,NA,NA,NA,NA,NA,NA,NA,NA,"Mukerji, Bhattacharjee & J.P. Tewari (1983)",NA,,112.5,112.5,745514.6629
Septoglomus_deserticola,Glomus_deserticola,106847,Glomeraceae,Glomerales,47,54,115,115,38,52,102,102,globose to subglobose,5110.19315,singly_aggregated,soil_roots,FALSE,,,,NA,NA,NA,NA,NA,NA,NA,NA,"G.A. Silva, Oehl & Sieverd. (2011)",NA,"Basionym: Glomus deserticola Trappe, Bloss & J.A. Menge (1984)",77,84.5,262323.2484
Glomus_dimorphicum,NA,,,,NA,NA,NA,NA,NA,NA,NA,NA,NA,NA,NA,NA,NA,,,,NA,NA,NA,NA,NA,NA,NA,NA,Boyetchko & J.P. Tewari (1986),Reported as error. Reported as actually 4 described species,Confused name due to error. The type material includes four already described species,NA,NA,NA
Glomus_dolichosporum,NA,,,,110,110,190,220,65,65,100,100,ellipsoid to ovoid to obovoid to oblong to ellipsoid,9719.302272,NA,NA,NA,,,,NA,NA,NA,NA,NA,NA,NA,NA,M.Q. Zhang & You S. Wang (1997),NA,,82.5,150,534561.625
Glomus_flavisporum,Endogone_flavispora Glomus_flavisporus,,,,149,149,202,202,95,95,152,152,ovate to oblong,17022.91614,sporocarp,soil,TRUE,soil,NA,TRUE,5000,5000,5000,5000,5000,5000,5000,5000,Trappe & Gerd. (1974) [as ‘flavisporus‘],NA,Basionym: Endogone flavispora M. Lange & E.M. Lund (1955),123.5,175.5,1401553.429
Glomus_formosanum,NA,,,,65,65,117,117,65,65,117,117,globose to sublgobose,6503.882191,aggregated_sporocarp,soil,TRUE,soil,NA,TRUE,360,360,500,500,450,450,500,500,C.G. Wu & Z.C. Chen (1986),NA,,91,91,394568.8529
Glomus_fragile,Paurocotylis_fragilis Glomus_fragilis,,,,NA,NA,NA,NA,NA,NA,NA,NA,NA,NA,NA,NA,NA,,,,NA,NA,NA,NA,NA,NA,NA,NA,(Berk. & Broome) Trappe & Gerd. (1974) [as 'fragilis'],NA,Basionym: Paurocotylis fragilis Berk. & Broome(1875),NA,NA,NA
Glomus_fuegianum,Endogone_fuegiana Glomus_fuegianus,,,,50,50,85,85,50,50,85,85,globose to subglobose,3578.470382,sporocarp,soil,TRUE,hypogeous,NA,TRUE,145,145,300,300,145,145,300,300,Trappe & Gerd. (1974) [as 'fuegianus'],NA,Basionym: Endogone fuegiana Speg. (1887),67.5,67.5,161031.1672
Glomus_glomerulatum,NA,,,,40,40,70,70,40,40,70,70,globose to subglobose,2375.829444,sporocarp,soil,TRUE,soil,NA,FALSE,290,400,400,400,500,500,500,675,Sieverd. (1987),NA,,55,55,87113.74629
Glomus_goaensis,NA,,,,40,40,150,150,40,40,150,150,subglobose,7088.218425,singly,soil,FALSE,,,,NA,NA,NA,NA,NA,NA,NA,NA,Khade (2009),poor description,"Poor description, unknown affiliation",95,95,448920.5002
Glomus_halonatum,NA,,,,200,200,280,280,200,200,280,280,globose to subglobose,45238.93421,singly_aggregated ,soil,FALSE,,,,NA,NA,NA,NA,NA,NA,NA,NA,S.L. Rose & Trappe (1980) [as 'halonatus'],NA,Compare Glomus clarum,240,240,7238229.474
Glomus_heterosporum,NA,,,,99,99,206,206,61,61,201,201,obovoid to ellipsoid,15690.29181,singly_sporocarp,soil_root,TRUE,soil_root,NA,FALSE,NA,242,726,NA,NA,242,641,NA,G.S. Sm. & N.C. Schenck (1985),NA,,131,152.5,1370285.485
Glomus_hoi,Simiglomus_hoi,,,,50,80,120,155,45,75,120,140,globose to subglobose to ellipsoid to irregular,7657.632093,singly,soil,FALSE,,,,NA,NA,NA,NA,NA,NA,NA,NA,S.M. Berch & Trappe (1985),NA,"Synonym: Simiglomus hoi G.A. Silva, Oehl & Sieverd. (2011) Sequences annotated as G. hoi are most likely from different species. This is a species of uncertain position pending further clarification.",97.5,100,497746.0861
Glomus_hyderabadensis,NA,,,,97,97,136,136,97,97,136,136,globose to subglobose,10659.62022,singly,soil,FALSE,,,,NA,NA,NA,NA,NA,NA,NA,NA,"Swarapu, Kunwar, Prasad & Manohar (2004)",NA,,116.5,116.5,827897.1707
Glomus_kerguelense,NA,,,,153,153,216,216,153,153,216,216,globose to subglobose,26735.14983,singly_aggregated,soil_root,FALSE,,,,NA,NA,NA,NA,NA,NA,NA,NA,Dalpé & Strullu (2002),NA,,184.5,184.5,3288423.429
Glomus_lacteum,NA,,,,150,150,220,220,150,150,220,220,globose to subglobose,26880.25214,singly,soil,FALSE,,,,NA,NA,NA,NA,NA,NA,NA,NA,S.L. Rose & Trappe (1980) [as 'lacteus'],NA,Probably not a Glomus species.,185,185,3315231.098
Glomus_macrocarpum,Endogone_macrocarpa  Paurocotylis fulva Endogone pampaloniana Endogone_nuda,,Glomeraceae,Glomerales(emendation),90,120,120,140,70,110,110,130,globose to subglobose,10367.25576,sporocarp,soil,TRUE,soil,NA,FALSE,NA,5000,5000,NA,NA,5000,5000,NA,Tul. & C. Tul. (1845) [as 'macrocarpus'],(lectotypified by Berch & Fortin 1983),"Synonyms: Endogone macrocarpa Tul. & C. Tul. (1851), Glomus macrocarpum var. macrocarpum (lectotypified by Berch & Fortin 1983)",110,120,760265.4222
Glomus_magnicaule,NA,,,,125,125,175,175,125,125,175,175,globose to subglobose,17671.45868,singly,soil,FALSE,,,,NA,NA,NA,NA,NA,NA,NA,NA,I.R. Hall (1977) [as 'magnicaulis'],NA,,150,150,1767145.868
Glomus_melanosporum,NA,,,,166,166,277,277,129,129,244,244,subglobose to obovoid,32444.60178,sporocarp,soil,TRUE,soil,NA,FALSE,NA,12000,12000,NA,NA,12000,12000,NA,Gerd. & Trappe (1974) [as 'melanosporus'],NA,,186.5,221.5,4033945.488
Glomus_microaggregatum,NA,,,,15,30,30,50,15,30,30,50,globose to subglobose to irregular,706.8583471,singly_aggregated,soil_root,FALSE,,,,NA,NA,NA,NA,NA,NA,NA,NA,"Koske, Gemma & P.D. Olexia (1986)",NA,"Synonym: Rhizoglomus microaggregatum Sieverd., G.A. Silva & Oehl (2014)",30,30,14137.16694
Glomus_microcarpum,Endogone_microcarpus Endogone_neglecta,,,,30,40,40,45,30,35,35,40,globose to subglobose,1099.557429,sporocarp,soil,TRUE,soil,NA,TRUE,NA,3000,3000,NA,NA,5000,5000,NA,Tul. & C. Tul. (1845) [as 'microcarpus'],(lectotypification by S.M. Berch & J.A. Fortin 1984),"Synonyms: Endogone microcarpus Tul. & C. Tul. (1851), E. neglecta (lectotypification by S.M. Berch & J.A. Fortin 1984)",35,40,25656.34
Glomus_monosporum,NA,,,,140,140,330,330,140,140,330,330,globose to subglobose,43373.61357,sporocarp,soil,TRUE,soil,NA,TRUE,NA,150,452,NA,NA,169,470,NA,Gerd. & Trappe (1974),NA,"This species was established in pot culture, but the culture was lost long before DNA sequencing methods were available. There have been several cultured organisms that have been given this name, but none seems properly to fit the species description of brown spores that have ornamentation of spines on the laminated wall component. ",235,235,6795199.46
Glomus_mortonii,NA,,,,37,125,125,210,44,149,149,275,globose to subglobose to pyriform to reniform to irregular,14628.04079,singly_sporocarp,soil,TRUE,soil,NA,mantle,90,290,290,450,140,320,320,610,Bentiv. & Hetrick (1991),NA,"Although this fungus has produced spores in soil traps in Finland, it has not yet been possible either to establish it in pure culture or to extract DNA. Consequently, its phylogenetic position is yet unclear",125,149,1219003.399
Glomus_multicaule,NA,,,,149,149,249,249,124,124,162,162,ellipsoid to irregular,22350.07554,singly,soil,FALSE,,,,NA,NA,NA,NA,NA,NA,NA,NA,Gerd. & B.K. Bakshi (1976) [as 'multicaulis'],NA,,143,199,2130707.201
Glomus_multiforum,NA,,,,170,215,215,230,170,215,215,230,globose to subglobose,36305.0301,singly,soil,FALSE,,,,NA,NA,NA,NA,NA,NA,NA,NA,Tadych & B?aszk. (1997),NA,,215,215,5203720.981
Glomus_multisubstensum,NA,,,,100,100,150,150,100,100,150,150,globose to subglobose,12271.8463,singly_aggregated,soil,FALSE,,,,NA,NA,NA,NA,NA,NA,NA,NA,"Mukerji, Bhattacharjee & J.P. Tewari (1983)",NA,"This name has at some time been synonymised with Claroideoglomus claroideum (as Glomus claroideum), but this cannot yet be verified from molecular evidence, and thus has now been moved into uncertain positions",125,125,1022653.859
Glomus_nanolumen,NA,,,,24,30,30,52,20,34,34,63,subglobose to pyriform to ovoid to irregular,801.1061267,singly_sporocarp,soil,TRUE,soil,NA,NA,NA,90,520,NA,NA,90,520,NA,Koske & Gemma (1990),NA,,30,34,16022.12253
Glomus_pallidum,Glomus_pallidus,,,,32,32,78,78,28,28,68,68,globose to subglobose,2073.451151,singly_aggregated_sporocarp,soil,TRUE,epigeous,NA,TRUE,1000,1000,25000,25000,1000,1000,25000,25000,I.R. Hall (1977) [as 'pallidus'],algae associated with sporocarps,,48,55,66350.43684
Glomus_pansihalos,NA,,,,108,130,155,200,110,120,130,180,globose to subglobose to ellipsoid to irregular,13989.90479,singly_aggregated_sporocarp,soil_root,TRUE,soil,NA,FALSE,15000,15000,15000,15000,12000,12000,12000,12000,S.M. Berch & Koske (1986),NA,,125,142.5,1165825.399
Glomus_pellucidum,NA,,,,60,60,110,110,60,60,110,110,globose to subglobose,5674.501731,sporocarp,soil,TRUE,hypogeous,NA,FALSE,20000,20000,20000,20000,20000,20000,20000,20000,McGee & Pattinson (2002),NA,,85,85,321555.0981
Glomus_perpusillum,NA,,,,10,24,24,30,10,24,24,30,globose to subglobose,452.3893421,aggregated,soil_root,FALSE,,,,NA,NA,NA,NA,NA,NA,NA,NA,B?aszk. & Kovács (2009),NA,,24,24,7238.229474
Glomus_pustulatum,NA,,,,43,86,140,140,60,86,140,140,globose to irregular,10028.74915,singly,soil,FALSE,,,,NA,NA,NA,NA,NA,NA,NA,NA,"Koske, Friese, C. Walker & Dalpé (1986)",NA,,113,113,755499.1025
Glomus_radiatum,Endogone_radiata,,,,60,60,110,120,48,48,75,90,ellipsoid to irregular,4105.668899,sporocarp,soil,TRUE,soil,NA,FALSE,NA,9000,9000,NA,NA,3000,3000,NA,Trappe & Gerd. (1974),NA,Basionym: Endogone radiata Thaxt. (1922),61.5,85,168332.4249
Glomus_reticulatum,Glomus_reticulatus,,,,130,130,170,170,130,130,170,170,globose,17671.45868,singly,soil,FALSE,,,,NA,NA,NA,NA,NA,NA,NA,NA,Bhattacharjee & Mukerji (1980) [as 'reticulatus'],no confidence in the description,"Such a vague and inadequately illustrated species description that it is impossible to apply the name with any confidence to any organism. The type material seems not to exist, and it is thus a species name that cannot be usefully applied.",150,150,1767145.868
Glomus_segmentatum,Glomus_segmentatus,,,,52,52,100,100,40,40,86,86,globose to subglobose to obovoid to ellipsoid,3760.486406,sporocarp,soil,TRUE,NA,NA,TRUE,6000,6000,6000,6000,8000,8000,8000,8000,"Trappe, Spooner & Ivory (1979) [as 'segmentatus']",NA,"This is a truly sporocarpic fungus. It is known only from field collections, but no DNA sequence exists that can be used to establish its true phylogeny.",63,76,157940.4291
Glomus_spinosum,NA,,,,40,50,70,90,40,50,70,90,globose to subglobose,2827.433388,singly_sporocarp,soil_root,TRUE,soil,NA,FALSE,5000,5000,5000,5000,5000,5000,5000,5000,H.T. Hu (2002),NA,"The species description is more or less uninterpretable, and no type material seems to exist for any of the species described by H.T. Hu.",60,60,113097.3355
Glomus_spinuliferum,NA,,,,110,120,140,154,110,120,140,154,globose to subglobose,13273.22896,singly,soil_root,FALSE,,,,NA,NA,NA,NA,NA,NA,NA,NA,Sieverd. & Oehl (2003),NA,Compare with Glomus pansihalos,130,130,1150346.51
Glomus_sterilum,Glomus_sterile,,none (invalidly published),,39.6,136.8,136.8,144,39.6,136.8,136.8,144,globose to subglobose to irregular,14698.12973,singly_aggregated,soil,TRUE,hypogeous,NA,TRUE,256,256,576,576,320,320,640,640,V.S. Mehrotra & Baijal (1992) [as 'sterile'],nom. inval. (invalid name),Published without a Latin description or diagnosis (a requirement of the Botanical Code for formal descriptions after 1 Jan 1935); thus an invalid name. nom. inval. (invalid name),136.8,136.8,1340469.431
Glomus_tenebrosum,Endogone_tenebrosa,,,,200,240,240,270,205,230,230,270,globose to subglobose,43353.97862,singly_aggregated_sporocarp,soil,TRUE,NA,NA,NA,NA,NA,NA,NA,NA,NA,NA,NA,S.M. Berch (1983),NA,Basionym: Endogone tenebrosa Thaxt. (1922),230,240,6647610.055
Glomus_tenerum,Glomus_tener,,,none (invalidly published),44,44,130,130,44,44,130,130,globose,5944.678699,sporocarp,soil,TRUE,epigeous,NA,TRUE,2000,2000,10000,10000,2000,2000,10000,10000,P.A. Tandy (1975) [as 'tener'],(emendation),A controversial species.,87,87,344791.3645
Glomus_tenue,Rhizophagus_tenuis Glomus_tenuis,,,,10,10,12,12,10,10,12,12,globose,95.03317777,singly,soil,FALSE,,,,NA,NA,NA,NA,NA,NA,NA,NA,I.R. Hall (1977) [as 'tenuis'],maybe not a member of the phyllum,"Basionym: Rhizophagus tenuis Greenall (1963) Was published under the name Rhizophagus tenuisand later transferred to the genus Glomus. Fungi fitting the description have from time to time been established in pot culture, but it seems none has ever been purified and there is to date no molecular data with which to place it in its correct clade. It has almost no similarities with any other fungus in the phylum.",11,11,696.9099703
Glomus_tetrastratosum,NA,809375,Glomeraceae,,55,136,136,240,55,136,136,240,NA,14526.72443,NA,NA,NA,NA,NA,NA,NA,NA,NA,NA,NA,NA,NA,NA,"B?aszk., Chwat & Góralska (2015)",NA,,136,136,1317089.682
Glomus_trufemii,NA,561567,,,72,72,92,92,79,79,105,105,sublgobose to elliptical to globose,5925.043745,aggregated_sporocarp,soil,TRUE,soil,NA,FALSE,500,500,850,850,500,500,850,850,"B.T. Goto, G.A. Silva & Oehl (2012)",NA,,82,92,323902.3914
Glomus_versiforme,Endogone_versiformis,,,,125,160,160,180,120,140,140,175,globose to subglobose to ellipsoid to irregular,17592.91886,singly,soil,FALSE,,,,NA,NA,NA,NA,NA,NA,NA,NA,S.M. Berch (1983),NA,"Basionym: Endogone versiformis P. Karst (1884), non sensu Berch & Fortin, Can. J. Bot. 61: 2614 (1983). This species was confounded by the erroneous synonymisation of Glomus epigaeum with G. versiforme. These species are not synonymous and G. epigaeum was placed in Diversispora, but the placing of G. versiforme is yet unknown.",140,160,1642005.76
Glomus_warcupii,NA,,,,200,200,320,320,200,200,320,320,globose to subglobose,53092.91585,sporocarp,soil,TRUE,epigeous,NA,TRUE,4000,4000,4000,4000,8000,8000,8000,8000,McGee (1986),NA,,260,260,9202772.08
Glomus_zaozhuangianus,NA,,,,NA,NA,NA,NA,NA,NA,NA,NA,NA,NA,NA,NA,NA,,,,NA,NA,NA,NA,NA,NA,NA,NA,F.Y. Wang & R.J. Liu (2002) [as 'zaozhuangianus'],NA,,NA,NA,NA
Intraornatospora_intraornata,Racocetra_intraornata,,,Diversisporales,NA,NA,NA,NA,NA,NA,NA,NA,NA,NA,NA,NA,NA,NA,NA,NA,NA,NA,NA,NA,NA,NA,NA,NA,"B.T. Goto, Oehl & G.A. Silva (2012)",NA,Basionym: Racocetra intraornata B.T. Goto & Oehl (2009),NA,NA,NA
Kamienskia_bistrata,Glomus_bistratum,,Glomeraceae,,NA,NA,NA,NA,NA,NA,NA,NA,NA,NA,NA,NA,NA,NA,NA,NA,NA,NA,NA,NA,NA,NA,NA,NA,"B?aszk., Chwat & Kovács (2014)",NA,"Basionym: Glomus bistratum B?aszk., D. Redecker, Koegel, Symanczik, Oehl & Kovács (2009)",NA,NA,NA
Kamienskia_perpusilla,Glomus_perpusillum,,Glomeraceae,Glomerales,NA,NA,NA,NA,NA,NA,NA,NA,NA,NA,NA,NA,NA,NA,NA,NA,NA,NA,NA,NA,NA,NA,NA,NA,"B?aszk., Chwat & Kovács (2014)",NA,Basionym: Glomus perpusillum B?aszk. & Kovács (2009),NA,NA,NA
Otospora_bareae,Otospora_bareai,533135,Diversisporaceae,Glomerales,NA,150,200,NA,NA,150,200,NA,globose to subglobose to irregular,24052.81875,singly,soil,FALSE,,,,NA,NA,NA,NA,NA,NA,NA,NA,"J. Palenzuela, N. Ferrol & Oehl (2008) [as bareai]",NA,"Unclear phylogenetic affiliation though placed among Diversispora based on two non-overlapping short SSU sequences. The type is hardly interpretable due to parasitism and other degradation, and as yet there is no independent evidence is available to support its phylogenetic position; needs reinvestigation.",175,175,2806162.188
Pacispora_boliviana,NA,,Pacisporaceae,Diversisporales,70,70,95,95,70,70,95,95,globose to subglobose,5345.61625,,,NA,,,,NA,NA,NA,NA,NA,NA,NA,NA,Oehl & Sieverd. (2004),NA,,82.5,82.5,294008.8937
Pacispora_chimonobambusae,Glomus_chimonobambusae Gerdemannia_chimonobambusae,,Pacisporaceae,Diversisporales,110,110,180,180,110,110,180,180,variable,16512.99639,,,NA,,,,NA,NA,NA,NA,NA,NA,NA,NA,"C. Walker, Vestberg & Schuessler (2007)",NA,"Basionym: Glomus chimonobambusae C.G. Wu & Y.S. Liu (1995) Synonyms: Gerdemannia chimonobambusae C. Walker, Blaszk., Schuessler & Schwarzott (2004)",145,145,1596256.317
Pacispora_coralloidae,NA,,Pacisporaceae,Diversisporales,110,122,150,165,110,122,150,165,globose to subglobose,14526.72443,,,NA,,,,NA,NA,NA,NA,NA,NA,NA,NA,Oehl & Sieverd. (2004),NA,,136,136,1317089.682
Pacispora_franciscana,NA,,Pacisporaceae,Diversisporales,106,120,171,191,106,120,171,191,globose to subglobose,16627.07547,,,NA,,,,NA,NA,NA,NA,NA,NA,NA,NA,Oehl & Sieverd. (2004),NA,,145.5,145.5,1612826.32
Pacispora_patagonica,Glomus_patagonicum,,Pacisporaceae,Diversisporales,98,136,136,187,98,136,136,187,globose to subglobose,14526.72443,,,NA,,,,NA,NA,NA,NA,NA,NA,NA,NA,"C. Walker, Vestberg & Schuessler (2007)",NA,Basionym: Glomus patagonicum Novas & Fracchia (2005) (link to publisher!),136,136,1317089.682
Pacispora_robigina,NA,,Pacisporaceae,Diversisporales,100,125,155,161,100,125,155,161,globose to subglobose,15393.804,,,NA,,,,NA,NA,NA,NA,NA,NA,NA,NA,Oehl & Sieverd. (2004),NA,,140,140,1436755.04
Pacispora_scintillans,Glomus_scintillans Pacispora_dominikii Gerdemannia_scintillans Glomus_dominikii,,Pacisporaceae,Diversisporales,180,180,210,210,180,180,210,210,globose to subglobose,29864.76516,singly,soil,FALSE,,,,NA,NA,NA,NA,NA,NA,NA,NA,"C. Walker, Vestberg & Schuessler (2007)",NA,"Basionym: Glomus scintillans S.L. Rose & Trappe(1980) Synonyms: P. dominikii Oehl & Sieverd. (2004),Gerdemannia scintillans Walker, B?aszk., Schuessler & Schwarzott (2004), Glomus dominikii B?aszk. (1988)",195,195,3882419.471
Palaeospora_spainiae,NA,,Archaeosporaceae,Diversisporales,NA,52,80,NA,NA,51,77,NA,NA,3317.521842,NA,NA,NA,NA,NA,NA,NA,NA,NA,NA,NA,NA,NA,NA,"Oehl, Palenz., Sánchez-Castro & G.A. Silva [as 'spainii'] (2015)",NA,,64,66,141547.5986
Paradentiscutata_bahiana,NA,,,Diversisporales,NA,190,260,NA,NA,190,260,NA,NA,39760.78202,NA,NA,NA,NA,NA,NA,NA,NA,NA,NA,NA,NA,NA,NA,"Oehl, Magna, B.T. Goto & G.A. Silva (2012)",NA,,225,225,5964117.303
Paradentiscutata_maritima,NA,,,Diversisporales,NA,150,260,NA,NA,150,260,NA,NA,33006.35782,NA,NA,NA,NA,NA,NA,NA,NA,NA,NA,NA,NA,NA,NA,"B.T. Goto, D.K. Silva, Oehl & G.A. Silva (2012)",NA,,205,205,4510868.902
Paraglomus_brasilianum,Glomus_brasilianum,,Paraglomeraceae,Archaeosporales,47.5,60,80,112.5,47.5,60,80,112.5,globose,3848.451001,,,NA,,,,NA,NA,NA,NA,NA,NA,NA,NA,J.B. Morton & D. Redecker (2001),NA,Basionym: Glomus brasilianum Spain & J. Miranda (1996),70,70,179594.38
Paraglomus_laccatum,Glomus_laccatum,,Paraglomeraceae,Paraglomerales,50,87,87,103,50,87,87,103,globose to subglobose,5944.678699,,,NA,,,,NA,NA,NA,NA,NA,NA,NA,NA,"C. Renker, B?aszk. & F. Buscot (2007)",(link to commercial publisher not giving copyright clearance),Basionym: Glomus laccatum B?aszk. (1988)  (link to commercial publisher not giving copyright clearance),87,87,344791.3645
Paraglomus_majewskii,NA,561205,Paraglomeraceae,Paraglomerales,35,63,63,78,35,63,63,78,NA,3117.245311,NA,NA,NA,NA,NA,NA,NA,NA,NA,NA,NA,NA,NA,NA,B?aszk. & Kovács (2012),NA,,63,63,130924.303
Paraglomus_occultum,Glomus_occultum,,Paraglomeraceae,Paraglomerales,60,72,72,100,60,72,72,100,irregular,4071.504079,singly_aggregated,soil_root,FALSE,,,,NA,NA,NA,NA,NA,NA,NA,NA,J.B. Morton & D. Redecker (2001),(complete paper here),Basionym: Glomus occultum C. Walker (1982),72,72,195432.1958
Paurocotylis_fulva var. zealandica,Glomus_macrocarpum,,,Glomerales,NA,NA,NA,NA,NA,NA,NA,NA,NA,NA,NA,NA,NA,NA,NA,NA,NA,NA,NA,NA,NA,NA,NA,NA,Cooke (1879),NA,"Synonyms: G. macrocarpum Gerdemann & Trappe (1974) The following species were synonymised from morphological evidence, but without supporting molecular data, they are left here as uncertain position",NA,NA,NA
Racocetra_alborosea,Gigaspora_alborosea Scutellospora_alborosea,,Gigasporaceae,Diversisporales,204,204,207,207,204,204,207,207,globose to subglobose,33167.56079,singly,soil,FALSE,,,,NA,NA,NA,NA,NA,NA,NA,NA,"Oehl, F.A. Souza & Sieverd. (2008)",NA,Basionym: Gigaspora alborosea Ferrer & R.A. Herrera (1981) Synonyms: Scutellospora alborosea C. Walker & F.E. Sanders (1986),205.5,205.5,4543955.828
Racocetra_beninensis,NA,,Gigasporaceae,,210,210,320,320,210,210,320,320,globose to sublgobose,55154.58602,singly,soil,FALSE,,,,NA,NA,NA,NA,NA,NA,NA,NA,"Oehl, Tchabi & Lawouin (2009)",NA,,265,265,9743976.864
Racocetra_castanea,Scutellospora_castanea,,Gigasporaceae,Paraglomerales,169,169,369,369,176,176,372,372,globose to subglobose,57888.55703,singly,soil,FALSE,,,,NA,NA,NA,NA,NA,NA,NA,NA,"Oehl, F.A. Souza & Sieverd. (2008)",NA,Basionym: Scutellospora castanea C. Walker (1993),269,274,10381347.89
Racocetra_coralloidea,Gigaspora_coralloidea Scutellospora_coralloidea,,Gigasporaceae,Diversisporales,308,308,393,393,324,324,454,454,globose to subglobose,107084.7199,,,NA,,,,NA,NA,NA,NA,NA,NA,NA,NA,"Oehl, F.A. Souza & Sieverd. (2008)",NA,"Basionym: Gigaspora coralloidea Trappe, Gerd. & I. Ho (1974) Synonyms: Scutellospora coralloidea C. Walker & F.E. Sanders (1986)",350.5,389,25022129.55
Racocetra_fulgida,Scutellospora_fulgida,,Gigasporaceae,Diversisporales,160,160,240,240,160,160,245,245,globose to subglobose,31808.62562,singly,soil,FALSE,,,,NA,NA,NA,NA,NA,NA,NA,NA,"Oehl, F.A. Souza & Sieverd. (2008)",NA,Basionym: Scutellospora fulgida Koske & C. Walker (1986),200,202.5,4241150.082
Racocetra_gregaria,Gigaspora_gregaria Scutellospora_gregaria,,Gigasporaceae,Diversisporales,250,250,448,448,250,250,448,448,globose,95662.2817,,,NA,,,,NA,NA,NA,NA,NA,NA,NA,NA,"Oehl, F.A. Souza & Sieverd. (2008)",NA,Basionym: Gigaspora gregaria N.C. Schenck & T.H. Nicolson (1979) Synonyms: Scutellospora gregaria C. Walker & F.E. Sanders (1986),349,349,22257424.21
Racocetra_intraornata,NA,,Gigasporaceae,Diversisporales,150,150,260,260,150,150,260,260,globose to subglobose to irregular,33006.35782,singly,soil,FALSE,,,,NA,NA,NA,NA,NA,NA,NA,NA,B.T. Goto & Oehl (2009),NA,,205,205,4510868.902
Racocetra_minuta,Gigaspora_minuta Scutellospora_minuta,,Gigasporaceae,Diversisporales,97,97,180,180,97,97,180,180,globose to subglobose to irregular,15065.70392,singly,soil,FALSE,,,,NA,NA,NA,NA,NA,NA,NA,NA,"Oehl, F.A. Souza & Sieverd. (2008)",NA,Basionym: Gigaspora minuta Ferrer & R.A. Herrera (1981) Synonyms: Scutellospora minuta C. Walker & F.E. Sanders (1986),138.5,138.5,1391066.662
Racocetra_persica,Gigaspora_persica Scutellospora_persica,,Gigasporaceae,Diversisporales,270,270,354,354,281,281,384,384,globose to subglobose to ellipsoid,81477.20547,singly,soil,FALSE,,,,NA,NA,NA,NA,NA,NA,NA,NA,"Oehl, F.A. Souza & Sieverd. (2008)",NA,Basionym: Gigaspora persica Koske & C. Walker (1985) Synonyms: Scutellospora persica C. Walker & F.E. Sanders (1986),312,332.5,16947258.74
Racocetra_tropicana,NA,,Gigasporaceae,Diversisporales,170,190,265,265,170,190,265,265,globose to subglobose,40649.26369,,,NA,,,,NA,NA,NA,NA,NA,NA,NA,NA,"Oehl, B.T.Goto & G.A.Silva (2011)",NA,,227.5,227.5,6165138.327
Racocetra_undulata,NA,,Gigasporaceae,Diversisporales,195,195,225,225,195,195,225,225,globose to sublgobose,34636.05901,singly,soil,FALSE,,,,NA,NA,NA,NA,NA,NA,NA,NA,T.C. Lin & C.H. Yen (2011),NA,,210,210,4849048.261
Racocetra_verrucosa,Gigaspora_verrucosa Scutellospora_verrucosa,,Gigasporaceae,Diversisporales,220,220,476,476,220,220,476,476,globose to subglobose,95114.85918,singly,soil,FALSE,,,,NA,NA,NA,NA,NA,NA,NA,NA,"Oehl, F.A. Souza & Sieverd. (2008)",NA,Basionym: Gigaspora verrucosa Koske & C. Walker (1985) Synonyms: Scutellospora verrucosa C. Walker & F.E. Sanders (1986),348,348,22066647.33
Racocetra_weresubiae,Scutellospora_weresubiae,,Gigasporaceae,Diversisporales,125,125,265,265,135,135,414,414,globose to subglobose,42040.40019,,,NA,,,,NA,NA,NA,NA,NA,NA,NA,NA,"Oehl, F.A. Souza & Sieverd. (2008)",NA,"Basionym: Scutellospora weresubiae Koske & C. Walker (1986) Not established in culture, but specimens collected from sand dunes in Argentina were clearly of this species. Msiska & Morton (2010) removed it from Racocetra, but Schüßler and Walker (2010) confirmed it to be in a monophyletic clade with Racocetra, therefore it was places back in that genus.",195,274.5,5465252.025
Redeckera_fulvum,Paurocotylis_fulvum Endogone_fulva Glomus_fulvum Endogone_lignicola Endogone_moelleri,,Diversisporaceae,Diversisporales,70,120,120,160,50,50,80,80,NA,6126.105675,,,NA,,,,NA,NA,NA,NA,NA,NA,NA,NA,C. Walker & Schuessler (2010),NA,"Basionym: Paurocotylis fulvum Berk. & Broome (1875) Synonyms: Endogone fulva (Berk. & Broome) Pat. (1903), Glomus fulvum Trappe & Gerd. (1974) [as 'fulvus']",65,120,265464.5792
Redeckera_megalocarpum,Glomus_megalocarpum,,Diversisporaceae,Diversisporales,56,65,95,115,38,38,57,62,obovate to pyriform,2984.513021,,,NA,,,,NA,NA,NA,NA,NA,NA,NA,NA,C. Walker & Schuessler (2010),NA,Basionym: Glomus megalocarpum D. Redecker (2007),47.5,80,94509.579
Redeckera_pulvinatum,Endogone_pulvinata Glomus_pulvinatum,,Diversisporaceae,Diversisporales,65,65,82,100,65,65,90,105,globose to subglobose,4473.824288,,,NA,,,,NA,NA,NA,NA,NA,NA,NA,NA,C. Walker & Schuessler (2010),NA,Basionym: Endogone pulvinata Henn. (1897) Synonyms: Glomus pulvinatum Trappe & Gerd. (1974) [as 'pulvinatus'],73.5,77.5,219217.3901
Rhizoglomus_melanum,NA,,Glomeraceae,Glomerales,137,165,226,285,137,165,226,285,NA,30018.11415,NA,NA,NA,NA,NA,NA,NA,NA,NA,NA,NA,NA,NA,NA,"Sudová R, Sýkorová Z, Rydlová J, ?tvrtlíková M, Oehl F (2015)",NA,"formerly published as Rhizoglomus, but this genus is a synonym of Rhizophagus",195.5,195.5,3912360.878
Rhizophagus_aggregatus,Glomus_aggregatum,,,Diversisporales,67.2,87,87,110.4,57.6,72,72,79.2,globose to subglobose to obovate to cylindrical to irregular,4919.734096,aggregated_sporocarp,soil_root,TRUE,soil_root,Root_rupture,FALSE,660,660,1800,1800,330,330,1400,1400,C. Walker (2016),(emendation here),"Synonyms: Glomus aggregatum N.C. Schenck & G.S. Sm. (1982) (emendation here) Rhizoglomus aggregatum (N.C. Schenck & G.S. Sm.) Sieverd., G.A. Silva & Oehl According to published ?-tubulin sequence data, G. aggregatum clusters with Claroideoglomus, but this seems unlikely, so it should be classified as of uncertain position, for now",72,87,236147.2366
Rhizophagus_arabicus,,,Glomeraceae,Glomerales(emendation),33,65,65,105,33,65,65,105,globose to sublglobose,3318.30724,singly_aggregated,soil_root,FALSE,,,,NA,NA,NA,NA,NA,NA,NA,NA,"B?aszk., Symanczik & Al-Yahya’ei (2014)",,,65,65,143793.3137
Rhizophagus_clarus,Glomus_clarum,,Glomeraceae,,68,190,190,290,68,190,190,290,globose to subglobose,28352.8737,singly_aggregated,soil_root,FALSE,,,,NA,NA,NA,NA,NA,NA,NA,NA,C. Walker & Schuessler (2010),NA,Basionym: Glomus clarum T.H. Nicolson & N.C. Schenck (1979) [as 'clarus'],190,190,3591364.002
Rhizophagus_custos,Glomus_custos,,Glomeraceae,Glomerales,42,42,90,90,42,42,90,90,globose,3421.1944,,,NA,,,,NA,NA,NA,NA,NA,NA,NA,NA,C. Walker & Schuessler (2010),NA,Basionym: Glomus custos C. Cano & Y. Dalpé (2009),66,66,150532.5536
Rhizophagus_diaphanus,Glomus_diaphanum,,Glomeraceae,Glomerales,39,74,74,121,39,74,74,121,globose to subglobose,4300.840343,singly_aggregated,soil_root,FALSE,,,,NA,NA,NA,NA,NA,NA,NA,NA,C. Walker & Schuessler (2010),NA,Basionym: Glomus diaphanum J.B. Morton & C. Walker (1984),74,74,212174.7902
Rhizophagus_fasciculatus,Endogone_fasciculata Glomus_fasciculatum Endogone_arenacea,,Glomeraceae,Glomerales,75,75,105,105,35,35,100,100,globose to subglobose,4771.293843,singly_aggregated_sporocarp,soil_root,TRUE,soil,NA,FALSE,NA,8000,8000,NA,NA,5000,5000,NA,C. Walker & Schuessler (2010),NA,Basionym: Endogone fasciculata Thaxt. (1922) Synonyms: Glomus fasciculatum Gerd. & Trappe (1974) [as fasciculatus] (emendation Walker & Koske 1987),67.5,90,214708.2229
Rhizophagus_intraradices,Glomus_intraradices,,Glomeraceae,Glomerales,40.5,98.5,98.5,190.5,40.5,98.5,98.5,190.5,globose to subglobose,7620.129331,singly,root,FALSE,,,,NA,NA,NA,NA,NA,NA,NA,NA,C. Walker & Schuessler (2010),NA,Basionym: Glomus intraradices N.C. Schenck & G.S. Sm. (1982),98.5,98.5,500388.4927
Rhizophagus_invermaium,Glomus_invermaium,,Glomeraceae,Glomerales,50,50,75,75,50,50,75,75,globose,3067.961576,sporocarp,soil,TRUE,soil,NA,FALSE,NA,1000,1000,NA,NA,1000,1000,NA,C. Walker (2016),NA,"Basionym: Glomus invermaium I.R. Hall (1977) [as 'invermaius'] Synonym: Rhizoglomus invermaium Sieverd., G.A. Silva & Oehl",62.5,62.5,127831.7323
Rhizophagus_irregularis,Glomus_irregulare,,Glomeraceae,Glomerales,60,60,130,130,80,80,240,240,ovoid to oblong to irregular,11938.05208,,,NA,,,,NA,NA,NA,NA,NA,NA,NA,NA,C. Walker & Schuessler (2010) [as 'irregulare'],NA,"Basionym: Glomus irregulare B?aszk., Wubet, Renker & Buscot (2008)",95,160,756076.632
Rhizophagus_manihotis,Glomus_manihotis,,Glomeraceae,Glomerales,145,170,235,450,145,170,235,450,globose to subglobose,32206.23344,,,NA,,,,NA,NA,NA,NA,NA,NA,NA,NA,C. Walker & Schuessler (2010),NA,"Basionym: Glomus manihotis R.H. Howeler, Sieverd. & N.C. Schenck (1984) Compare with Glomus clarum.",202.5,202.5,4347841.514
Rhizophagus_natalensis,NA,,Glomeraceae,Glomerales,75,101,101,133,75,101,101,133,NA,8011.846665,NA,NA,NA,NA,NA,NA,NA,NA,NA,NA,NA,NA,NA,NA,"B?aszk., Chwat & B.T. Goto",NA,,101,101,539464.3421
Rhizophagus_populinus,NA,,Glomeraceae,Glomerales,NA,NA,NA,NA,NA,NA,NA,NA,NA,NA,singly_aggregated,soil_root,FALSE,,,,NA,NA,NA,NA,NA,NA,NA,NA,P.A. Dang. (1896),NA,"Glomoid spores formed singly, in loose clusters, tight clusters (fascicles) in the substrate and in the roots or rhizoids of host plants. Forming arbuscular mycorrhizas. An old, but valid description, that can only be attributed to phylogenetic group 'GlomusGroup Ab', which contains the fungi earlier named as the ""Glomus intraradices-group"".",NA,NA,NA
Rhizophagus_proliferus,Glomus_proliferum,,Glomeraceae,Glomerales,22,40,66,76,22,40,66,76,globose to subglobose,2206.183441,singly_aggregated,soil,FALSE,,,,NA,NA,NA,NA,NA,NA,NA,NA,C. Walker & Schuessler (2010),NA,Basionym: Glomus proliferum Dalpé & Declerck (2000) compare with Glomus arborense,53,53,77951.81491
Rhizophagus_vesiculiferus,Endogone_vesiculifera,,Glomeraceae,Glomerales,49,49,85,85,49,49,85,85,globose to subglobose,3525.652355,,,NA,,,,NA,NA,NA,NA,NA,NA,NA,NA,C. Walker & Schuessler (2013),NA,"Basionym: Endogone vesiculifera Thaxt. (1922)  Synonyms: Glomus vesiculiferum Gerd. & Trappe (1974) [as 'vesiculifer'] The species was erroneously placed in Funneliformisin Schüßler & Walker, 2010, before placed in Rhizophagus formally in Redecker et al. (2013).",67,67,157479.1385
Sacculospora_felinovii,NA,none yet,Acaulosporaceae,Glomerales,100,171,171,230,100,171,171,230,NA,22965.8277,NA,NA,NA,NA,NA,NA,NA,NA,NA,NA,NA,NA,NA,NA,"B?aszk., Góralska & Chwat (2016)",NA,"no data available yet. The genus Sacculospora as described was up to now handled as a synonym of Entrophospora, thus data have to be awaited",171,171,2618104.357
Sclerocystis_alba,Endogone_alba,,,,NA,NA,NA,NA,NA,NA,NA,NA,NA,NA,NA,NA,NA,,,,NA,NA,NA,NA,NA,NA,NA,NA,Petch (1925),NA,"Synonyms: Endogone alba Gerd. & Trappe (1974) Was transferred to Endogone by Gerdemann & Trappe (1974), but from their description, it may be worthwhile to reconsider its position should it ever be possible to obtain molecular evidence.",NA,NA,NA
Sclerocystis_clavispora,Glomus_clavisporum,,,,460,460,750,750,590,590,780,780,clavate to subcylindric,325488.6339,singly_aggregated_sporocarp,soil,TRUE,soil,NA,FALSE,NA,460,750,NA,NA,590,780,NA,Trappe (1977),NA,Synonyms: Glomus clavisporum R.T. Almeida & N.C. Schenck (1990),605,685,131280415.7
Sclerocystis_coccogenum,Ackermannia_coccogena Sphaerocreas_coccogenum Sclerocystis_microcarpus,,,,NA,NA,NA,NA,NA,NA,NA,NA,NA,NA,NA,NA,NA,,,,NA,NA,NA,NA,NA,NA,NA,NA,Höhn. (1910),NA,"Basionym: Ackermannia coccogena Pat. (1902) Synonyms: Sphaerocreas coccogenum (Pat.) Höhn.(1909), Sclerocystis microcarpus S.H. Iqbal & Perveen (1980)",NA,NA,NA
Sclerocystis_coremioides,Glomus_coremioides,,Glomeraceae,Glomerales(emendation),50,50,86,102,35,35,54,82,clavate to subcylindric,2376.614842,sporocarp,soil,TRUE,Hypogeous,NA,TRUE,NA,260,650,NA,NA,260,650,NA,Berk. & Broome (1873),NA,Synonyms: Glomus coremioides D. Redecker & J.B. Morton (2000),44.5,68,70506.24033
Sclerocystis_dussi,Ackermannia_dussii Sphaerocreas_dussii,,,,NA,NA,NA,NA,NA,NA,NA,NA,NA,NA,NA,NA,NA,,,,NA,NA,NA,NA,NA,NA,NA,NA,Höhn. (1910),NA,Basionym: Ackermannia dussii Pat. (1902) Synonyms: Sphaerocreas dussii Höhn. (1909),NA,NA,NA
Sclerocystis_liquidambaris,Glomus_liquidambaris Glomus_liquidambaris Sclerocystis_cunninghamia,,,,27.5,40,65,65,55,72.5,132.5,132-5,cylindroclaveate to obovoid,4226.423867,sporocarp,soil,TRUE,soil,NA,TRUE,300,300,600,600,370,370,680,680,C.G. Wu & Z.C. Chen (1987),NA,"Synonyms: Glomus liquidambaris R.T. Almeida & N.C. Schenck (1990), Glomus liquidambaris R.T. Almeida & N.C. Schenck ex Y.J. Yao (1995),Sclerocystis cunninghamia H.T. Hu (1988)",52.5,102.5,147924.8353
Sclerocystis_pubescens,Sphaerocreas_pubescens Endogone_pubescens Stigmatella_pubescens Glomus_pubescens,,,,25,31,31,36,25,31,31,36,globose to subglobose,754.767635,sporocarp,soil,TRUE,epigeous,NA,TRUE,600,600,1000,1000,600,600,1000,1000,Höhn (1910),NA,"Basionym: Sphaerocreas pubescens Sacc. & Ellis (1882) Synonyms: Endogone pubescens Zycha (1935),Stigmatella pubescens Sacc. (1886), Glomus pubescens Trappe & Gerd. (1974)",31,31,15598.53112
Sclerocystis_rubiformis,Glomus_rubiforme Sclerocystis_indica Sclerocystis_pachycaulis,,,,40,52,52,70,40,52,52,70,globose to subglobose,2123.716634,sporocarp,soil,TRUE,soil,NA,FALSE,NA,100,200,NA,NA,190,360,NA,Gerd. & Trappe (1974),NA,"Synonyms: Glomus rubiforme R.T. Almeida & N.C. Schenck (1990), Sclerocystis indica Bhattacharjee & Mukerji (1980), Sclerocystis pachycaulis C.G. Wu & Z.C. Chen (1986)",52,52,73622.17664
Sclerocystis_sinuosa,Glomus_sinuosum,,Glomeraceae,,45,45,118,118,30,30,83,83,clavate to subcylindric,3616.562193,sporocarp,soil,TRUE,soil,NA,TRUE,NA,248,412,NA,NA,248,412,NA,Gerd. & B.K. Bakshi (1976),NA,"Synonyms: Glomus sinuosum R.T. Almeida & N.C. Schenck (1990),  S. pakistanica",56.5,81.5,136223.8426
Sclerocystis_taiwanensis,Glomus_taiwanense Glomus_taiwanense,,,,40,40,85,85,17.5,22,42.5,55,clavate to subcylindric,1583.068173,sporocarp,soil,TRUE,soil,NA,FALSE,NA,200,300,NA,NA,180,280,NA,C.G. Wu & Z.C. Chen (1987),NA,"Synonyms: Glomus taiwanense R.T. Almeida & N.C. Schenck (1990), Glomus taiwanense R.T. Almeida & N.C. Schenck ex Y.J. Yao (1995)",32.25,62.5,34035.96572
Scutellospora_alterata,NA,,Gigasporaceae,,NA,155,255,NA,NA,150,225,NA,NA,30188.74191,NA,NA,NA,NA,NA,NA,NA,NA,NA,NA,NA,NA,NA,NA,"Oehl, J.S. Pontes, Palenz., I.C. Sánchez & G.A. Silva (2013)",NA,,187.5,205,3773592.738
Scutellospora_arenicola,NA,,,Diversisporales,160,240,240,360,120,220,220,310,subglobose to irregular,41469.02303,singly,soil_root,FALSE,,,,NA,NA,NA,NA,NA,NA,NA,NA,Koske & Halvorson (1990),NA,,220,240,6082123.377
Scutellospora_armeniaca,Cetraspora_armeniaca,,,Diversisporales,140,196,196,240,140,196,196,240,globose to subglobose,30171.85585,singly,soil_root,FALSE,,,,NA,NA,NA,NA,NA,NA,NA,NA,B?aszk. (1993),NA,"Synonyms: Cetraspora armeniaca Oehl, F.A. Souza & Sieverd. (2008)",196,196,3942455.83
Scutellospora_aurigloba,Gigaspora_aurigloba,,Gigasporaceae,Diversisporales,323,323,438,438,323,323,469,469,globose to ovoid,118342.2245,,,NA,,,,NA,NA,NA,NA,NA,NA,NA,NA,C. Walker & F.E. Sanders (1986),NA,Basionym: Gigaspora aurigloba I.R. Hall,380.5,396,30019477.61
Scutellospora_biornata,Dentiscutata_biornata,,,Diversisporales,120,260,450,493,120,260,450,493,globose to subglobose,98979.80354,singly,soil,FALSE,,,,NA,NA,NA,NA,NA,NA,NA,NA,"Spain, Sieverd. & S. Toro (1989)",NA,"Synonyms: Dentiscutata biornata Sieverd., F.A. Souza & Oehl (2008)",355,355,23425220.17
Scutellospora_calospora,Endogone_calospora Gigaspora_calospora,,Gigasporaceae,Diversisporales,114,114,285,511,110,110,412,511,"globose, ellipsoidal to cylindrical",40895.28967,singly,soil,FALSE,,,,NA,NA,NA,NA,NA,NA,NA,NA,C. Walker & F.E. Sanders (1986),(emendation here),"Basionym: Endogone calospora T.H. Nicolson & Gerd. (1968) Synonyms: Gigaspora calospora As far as is known, although this is the type species of the genus, all the early cultures, including those from which the type was sampled, are lost. The re-description of the species (Koske & Walker 1986) was made from a culture established from within 75 km of the type location, and its identity was confirmed by the late Prof. T. Nicolson. It was registered as BEG32 and formally designated as an epitype.",199.5,261,5439073.526
Scutellospora_cerradensis,Dentiscutata_cerradensis Scutellospora_trirubiginopa Fuscutata_trirubiginopa,,,Diversisporales,167,230,363,363,167,230,363,363,globose to ovoid,69046.11969,singly,soil,FALSE,,,,NA,NA,NA,NA,NA,NA,NA,NA,Spain & J. Miranda (1996),NA,"Synonyms: Dentiscutata cerradensis Sieverd., F.A. Souza & Oehl (2008), Scutellospora trirubiginopa X.L. Pan & G.Yun Zhang (1997), Fuscutata trirubiginopaOehl, F.A. Souza & Sieverd. (2008) The species description is such that it clearly is a synonym of S. cerradensis. Repeated attempts to obtain the type of Fuscutata trirubiginopa for examination have failed.",296.5,296.5,13648116.33
Scutellospora_crenulata,NA,,,Diversisporales,133,133,136,136,133,133,136,136,globose to sublglobose to broadly ellipsoidal,14208.04913,singly,soil,FALSE,,,,NA,NA,NA,NA,NA,NA,NA,NA,"R.A. Herrera, Cuenca & C. Walker (2001)",NA,,134.5,134.5,1273988.405
Scutellospora_dipapillosa,Gigaspora_dipapillosa,,,Diversisporales,135,135,160,160,135,135,180,180,globose to subglobose to irregular,18245.78108,singly,soil,FALSE,,,,NA,NA,NA,NA,NA,NA,NA,NA,C. Walker & F.E. Sanders (1986),NA,Basionym: Gigaspora dipapillosa C. Walker & Koske (1985),147.5,157.5,1794168.473
Scutellospora_dipurpurescens,NA,,Gigasporaceae,Diversisporales,152,197,197,240,152,197,197,240,globose to subglobose,30480.51732,singly,soil,FALSE,,,,NA,NA,NA,NA,NA,NA,NA,NA,J.B. Morton & Koske (1988),NA,Compare with Scutellospora calospora,197,197,4003107.942
Scutellospora_gilmorei,Gigaspora_gilmorei Cetraspora_gilmorei,,,Diversisporales,204,204,320,320,204,204,320,320,globose to subglobose to ellipsoidal,53912.87153,singly,soil,FALSE,,,,NA,NA,NA,NA,NA,NA,NA,NA,C. Walker & F.E. Sanders (1986),NA,"Basionym: Gigaspora gilmorei Trappe & Gerd. (1974) Synonyms: Cetraspora gilmorei Oehl, F.A. Souza & Sieverd. (2008)",262,262,9416781.56
Scutellospora_hawaiiensis,Dentiscutata_hawaiiensis,,,Diversisporales,200,240,240,360,180,230,230,290,globose to irregular,43353.97862,singly,soil,FALSE,,,,NA,NA,NA,NA,NA,NA,NA,NA,Koske & Gemma (1995),NA,"Synonyms: Dentiscutata hawaiiensis Sieverd., F.A. Souza & Oehl (2008)",230,240,6647610.055
Scutellospora_nigra,Gigaspora_nigra Dentiscutata_nigra,,,Diversisporales,297,297,500,1050,297,297,500,1050,globose,124722.9955,singly,soil,FALSE,,,,NA,NA,NA,NA,NA,NA,NA,NA,C. Walker & F.E. Sanders (1986),NA,"Basionym: Gigaspora nigra J.F. Redhead (1979) Synonyms: Dentiscutata nigra Sieverd., F.A. Souza & Oehl (2008)",398.5,398.5,33134742.47
Scutellospora_nodosa,Scutellispora_nodosa,,Gigasporaceae,Diversisporales,160,243,243,270,160,243,243,270,globose to subglobose,46376.97615,singly,soil,FALSE,,,,NA,NA,NA,NA,NA,NA,NA,NA,B?aszk. (1991),NA,"Defined from a field collection (Blaszkowski 1991), as far as is known without culturing or an ex-type culture available. Phylogenetic position anchored by a culture from the north of England, registered as BEG4.",243,243,7513070.136
Scutellospora_pellucida,Gigaspora_pellucida Cetraspora_pellucida,,,Diversisporales,130,130,155,155,160,160,235,235,globose to subglobose,22104.04956,singly,soil_root,FALSE,,,,NA,NA,NA,NA,NA,NA,NA,NA,C. Walker & F.E. Sanders (1986),(emendation),"Basionym: Gigaspora pellucida T.H. Nicolson & N. C. Schenck (1979) Synonyms: Cetraspora pellucida Oehl, F.A. Souza & Sieverd. (2008)",142.5,197.5,2099884.708
Scutellospora_pernambucana,Orbispora_pernambucana,,,Diversisporales,110,110,145,145,110,110,145,145,globose to subglobose,12767.62889,singly,soil,FALSE,,,,NA,NA,NA,NA,NA,NA,NA,NA,"Oehl, D.K Silva, N. Freitas, L.C. Maia (2008)",NA,"Synonym: Orbispora pernambucana Oehl, G. A. Silva & D. K. Silva (2011)",127.5,127.5,1085248.456
Scutellospora_projecturata,Orbispora_projecturata,,Gigasporaceae,Diversisporales,102,102,174,174,108,108,181,181,globose to subglobose,15661.62478,singly,soil,FALSE,,,,NA,NA,NA,NA,NA,NA,NA,NA,Kramad. & C. Walker (2000),NA,"Synonym: Orbispora projecturata Oehl, G. A. Silva & D. K. Silva (2011)",138,144.5,1440869.479
Scutellospora_reticulata,Gigaspora_reticulata Dentiscutata_reticulata,,,Diversisporales,208,208,470,470,188,188,340,340,globose to subglobose,70289.99403,singly,soil,FALSE,,,,NA,NA,NA,NA,NA,NA,NA,NA,C. Walker & F.E. Sanders (1986),NA,"Basionym: Gigaspora reticulata Koske, D.D. Mill. & C. Walker (1983) Synonyms: Dentiscutata reticulata Sieverd., F.A. Souza & Oehl (2008)",264,339,12371038.95
Scutellospora_rubra,Fuscutata_rubra,,,Diversisporales,140,140,220,220,140,140,220,220,globose to subglobose,25446.90049,singly,soil,FALSE,,,,NA,NA,NA,NA,NA,NA,NA,NA,Stürmer & J.B. Morton (1999),NA,"Synonyms: Fuscutata rubra Oehl, F.A. Souza & Sieverd. (2008) ",180,180,3053628.059
Scutellospora_savannicola,Gigaspora_savannicola Fuscutata_savannicola,,,Diversisporales,288,288,581,581,288,214,364,581,ellipsoid to irregular,98622.84008,singly,soil,FALSE,,,,NA,NA,NA,NA,NA,NA,NA,NA,C. Walker & F.E. Sanders (1986),NA,"Basionym: Gigaspora savannicola R.A. Herrera & Ferrer (1981) Synonyms: Fuscutata savannicola Oehl, F.A. Souza & Sieverd. (2008)",289,434.5,19001333.85
Scutellospora_scutata,Dentiscutata_scutata,,,Diversisporales,350,532,532,667,350,530,530,713,globose to subglobose,221450.8662,singly,soil,FALSE,,,,NA,NA,NA,NA,NA,NA,NA,NA,C. Walker & Dieder. (1989),NA,"Synonyms: Dentiscutata scutata Sieverd., F.A. Souza & Oehl (2008)",530,532,78245972.71
Scutellospora_spinosissima,Cetraspora_spinosissima,,,Diversisporales,130,130,228,228,121,121,208,230,globose to subglobose to ellipsoidal,23126.44162,singly,soil,FALSE,,,,NA,NA,NA,NA,NA,NA,NA,NA,C. Walker & Cuenca (1998),NA,"Synonyms: Cetraspora spinosissima Oehl, F.A. Souza & Sieverd. (2008)",164.5,179,2536199.764
Scutellospora_striata,Cetraspora_striata,,,Diversisporales,130,130,184,184,116,116,152,152,globose to subglobose,16523.20656,singly,soil,FALSE,,,,NA,NA,NA,NA,NA,NA,NA,NA,Cuenca & R.A. Herrera (2008),NA,"Synonyms: Cetraspora striata Oehl, F.A. Souza & Sieverd. (2008)",134,157,1476073.119
Scutellospora_tricalypta,Gigaspora_tricalypta,,,Diversisporales,303,303,387,387,303,303,387,387,globose,93482.0164,singly,soil,FALSE,,,,NA,NA,NA,NA,NA,NA,NA,NA,C. Walker & F.E. Sanders (1986),NA,Basionym: Gigaspora tricalypta R.A. Herrera & Ferrer (1981) [1980],345,345,21500863.77
Septoglomus_altomontanum,,,Glomeraceae,Diversisporales,137,137,175,208,125,125,170,204,ovoid to elliptical,18072.01174,singly,soil_root,FALSE,,,,NA,NA,NA,NA,NA,NA,NA,NA,"Palenz., Oehl, Azcón-Aguilar & G.A. Silva (2013)",,,147.5,156,1777081.154
Septoglomus_constrictum,Glomus_constrictum Funneliformis_constrictus,,Glomeraceae,Glomerales,150,150,330,330,150,150,330,330,globose to subglobose,45238.93421,singly_aggregated,soil,FALSE,,,,NA,NA,NA,NA,NA,NA,NA,NA,"Sieverd., G. A. Silva & Oehl (2011)",NA,Basionym: Glomus constrictum Trappe (1977) [as 'constrictus'] Synonym: Funneliformis constrictus C. Walker & A. Schüßler,240,240,7238229.474
Septoglomus_furcatum,,,Glomeraceae,Glomerales,106,138,138,167,106,138,138,167,globose to subglobose,14957.12262,singly,soil,FALSE,,,,NA,NA,NA,NA,NA,NA,NA,NA,"B?aszk., Chwat, Kovács & Ryszka (2013)",,,138,138,1376055.281
Septoglomus_fuscum,,,Glomeraceae,Glomerales,20,47,47,90,20,47,47,90,globose to subglobose,1734.944543,singly_aggregated,soil_root,FALSE,,,,NA,NA,NA,NA,NA,NA,NA,NA,"B?aszk., Chwat, Kovács & Ryszka (2013)",,,47,47,54361.59568
Septoglomus_jasnowskae,,,Glomeraceae,Glomerales,39,59,59,98,39,59,59,98,globose to subglobose,2733.971007,singly_aggregated,soil,FALSE,,,,NA,NA,NA,NA,NA,NA,NA,NA,"B?aszk., Chwat & Ryszka (2015)",,,59,59,107536.1929
Septoglomus_nakheelum,,,Glomeraceae,Glomerales,25,52,52,70,25,52,52,70,globose to subglobose,2123.716634,singly_aggregated,soil,FALSE,,,,NA,NA,NA,NA,NA,NA,NA,NA,"Al-Yahya’ei, Symanczik & B?aszk. (2014)",,,52,52,73622.17664
Septoglomus_titan,,,Glomeraceae,Glomerales,243,265,375,400,243,265,375,400,globose to subglobose,80424.77193,singly,soil,FALSE,,,,NA,NA,NA,NA,NA,NA,NA,NA,B.T. Goto & G.A. Silva (2013),,,320,320,17157284.68
Septoglomus_turnauae,,,Glomeraceae,Glomerales,110,133,133,165,110,133,133,165,globose to sublglobose,13892.90811,singly,soil,FALSE,,,,NA,NA,NA,NA,NA,NA,NA,NA,"B?aszk., Chwat & Ryszka (2015)",,,133,133,1231837.853
Septoglomus_viscosum,Glomus_viscosum Viscospora_viscosa,,Glomeraceae,Glomerales,44,44,97,97,46,46,94,94,globose to subglobose,3875.939936,aggregated,soil,FALSE,,,,NA,NA,NA,NA,NA,NA,NA,NA,"C. Walker, D. Redecker, D. Stille & A. Schüßler (2013)",NA,"Basionym: Glomus viscosum T.H. Nicolson (1995) Synonym: Viscospora viscosa Sieverd., Oehl & G.A. Silva (2011)",70,70.5,180877.197
